sample,epsilon,verdict,tag,seconds
0,0.01,verified,safe-incomplete,0.2953
0,0.02,verified,safe-incomplete,0.1924
0,0.03,verified,safe-incomplete,0.195
0,0.04,verified,safe-incomplete,0.1941
0,0.05,verified,safe-incomplete,0.2052
0,0.06,verified,safe-incomplete,0.2021
0,0.07,verified,safe-incomplete,0.1967
0,0.08,verified,safe-incomplete,0.1901
0,0.09,verified,safe-incomplete,0.1985
0,0.1,verified,safe-incomplete,0.2003
0,0.11,verified,safe-incomplete,0.204
0,0.12,verified,safe-incomplete,0.1991
0,0.13,verified,safe-incomplete,0.2683
0,0.14,verified,safe-incomplete,0.1986
0,0.15,verified,safe-incomplete,0.2019
0,0.16,verified,safe,0.3671
0,0.17,verified,safe,0.4982
0,0.18,verified,safe,0.7216
0,0.19,verified,safe,1.095
0,0.2,verified,safe,1.4776
1,0.01,verified,safe-incomplete,0.2102
1,0.02,verified,safe-incomplete,0.2057
1,0.03,verified,safe-incomplete,0.2058
1,0.04,verified,safe-incomplete,0.2077
1,0.05,verified,safe-incomplete,0.197
1,0.06,verified,safe-incomplete,0.2111
1,0.07,verified,safe-incomplete,0.1958
1,0.08,verified,safe-incomplete,0.2
1,0.09,verified,safe-incomplete,0.204
1,0.1,verified,safe-incomplete,0.2043
1,0.11,verified,safe-incomplete,0.2076
1,0.12,verified,safe-incomplete,0.2071
1,0.13,verified,safe-incomplete,0.2177
1,0.14,verified,safe-incomplete,0.2079
1,0.15,verified,safe-incomplete,0.2082
1,0.16,verified,safe-incomplete,0.1979
1,0.17,verified,safe-incomplete,0.1995
1,0.18,verified,safe-incomplete,0.1971
1,0.19,verified,safe,0.4924
1,0.2,verified,safe,0.5349
2,0.01,verified,safe-incomplete,0.2086
2,0.02,verified,safe-incomplete,0.207
2,0.03,verified,safe-incomplete,0.2053
2,0.04,verified,safe-incomplete,0.2042
2,0.05,verified,safe-incomplete,0.199
2,0.06,verified,safe-incomplete,0.21
2,0.07,verified,safe-incomplete,0.2059
2,0.08,verified,safe-incomplete,0.2014
2,0.09,verified,safe-incomplete,0.2162
2,0.1,verified,safe-incomplete,0.1995
2,0.11,verified,safe-incomplete,0.2016
2,0.12,verified,safe-incomplete,0.2089
2,0.13,verified,safe,0.3374
2,0.14,verified,safe,0.7764
2,0.15,verified,safe,1.1744
2,0.16,verified,safe,1.7337
2,0.17,falsified,unsafe-pgd,0.0271
2,0.18,falsified,unsafe-pgd,0.021
2,0.19,falsified,unsafe-pgd,0.0208
2,0.2,falsified,unsafe-pgd,0.0207
3,0.01,verified,safe-incomplete,0.2031
3,0.02,verified,safe-incomplete,0.1998
3,0.03,verified,safe-incomplete,0.1992
3,0.04,verified,safe-incomplete,0.1992
3,0.05,verified,safe-incomplete,0.1949
3,0.06,verified,safe-incomplete,0.2005
3,0.07,verified,safe-incomplete,0.1974
3,0.08,verified,safe-incomplete,0.1936
3,0.09,verified,safe-incomplete,0.2023
3,0.1,verified,safe-incomplete,0.1906
3,0.11,verified,safe-incomplete,0.1982
3,0.12,verified,safe-incomplete,0.1995
3,0.13,verified,safe-incomplete,0.2014
3,0.14,verified,safe-incomplete,0.201
3,0.15,verified,safe-incomplete,0.1977
3,0.16,verified,safe-incomplete,0.2027
3,0.17,verified,safe-incomplete,0.2621
3,0.18,verified,safe-incomplete,0.2174
3,0.19,verified,safe,0.4639
3,0.2,verified,safe,0.5991
4,0.01,verified,safe-incomplete,0.2066
4,0.02,verified,safe-incomplete,0.2072
4,0.03,verified,safe-incomplete,0.2038
4,0.04,verified,safe-incomplete,0.2092
4,0.05,verified,safe-incomplete,0.1967
4,0.06,verified,safe-incomplete,0.201
4,0.07,verified,safe-incomplete,0.1998
4,0.08,verified,safe-incomplete,0.2007
4,0.09,verified,safe-incomplete,0.2067
4,0.1,verified,safe,0.3391
4,0.11,verified,safe,0.7002
4,0.12,verified,safe,1.1537
4,0.13,falsified,unsafe-pgd,0.0204
4,0.14,falsified,unsafe-pgd,0.0205
4,0.15,falsified,unsafe-pgd,0.0207
4,0.16,falsified,unsafe-pgd,0.02
4,0.17,falsified,unsafe-pgd,0.0202
4,0.18,falsified,unsafe-pgd,0.0193
4,0.19,falsified,unsafe-pgd,0.0194
4,0.2,falsified,unsafe-pgd,0.0195
5,0.01,verified,safe-incomplete,0.2095
5,0.02,verified,safe-incomplete,0.2122
5,0.03,verified,safe-incomplete,0.2011
5,0.04,verified,safe-incomplete,0.2039
5,0.05,verified,safe-incomplete,0.1947
5,0.06,verified,safe-incomplete,0.2066
5,0.07,verified,safe-incomplete,0.2131
5,0.08,verified,safe-incomplete,0.2054
5,0.09,verified,safe-incomplete,0.2064
5,0.1,verified,safe-incomplete,0.256
5,0.11,verified,safe-incomplete,0.2032
5,0.12,verified,safe,0.352
5,0.13,verified,safe,0.441
5,0.14,verified,safe,0.4801
5,0.15,verified,safe,0.807
5,0.16,verified,safe,1.2617
5,0.17,verified,safe,2.3033
5,0.18,falsified,unsafe-pgd,0.0206
5,0.19,falsified,unsafe-pgd,0.0204
5,0.2,falsified,unsafe-pgd,0.0197
6,0.01,verified,safe-incomplete,0.2086
6,0.02,verified,safe-incomplete,0.2084
6,0.03,verified,safe-incomplete,0.2055
6,0.04,verified,safe-incomplete,0.2044
6,0.05,verified,safe-incomplete,0.199
6,0.06,verified,safe-incomplete,0.2064
6,0.07,verified,safe-incomplete,0.2083
6,0.08,verified,safe-incomplete,0.2078
6,0.09,verified,safe-incomplete,0.209
6,0.1,verified,safe-incomplete,0.2053
6,0.11,verified,safe-incomplete,0.2063
6,0.12,verified,safe,0.4338
6,0.13,verified,safe,0.8293
6,0.14,verified,safe,1.8013
6,0.15,falsified,unsafe-pgd,0.0212
6,0.16,falsified,unsafe-pgd,0.0204
6,0.17,falsified,unsafe-pgd,0.0198
6,0.18,falsified,unsafe-pgd,0.0199
6,0.19,falsified,unsafe-pgd,0.0197
6,0.2,falsified,unsafe-pgd,0.0208
7,0.01,verified,safe-incomplete,0.2109
7,0.02,verified,safe-incomplete,0.2029
7,0.03,verified,safe-incomplete,0.2101
7,0.04,verified,safe-incomplete,0.2114
7,0.05,verified,safe-incomplete,0.1981
7,0.06,verified,safe-incomplete,0.2109
7,0.07,verified,safe-incomplete,0.1923
7,0.08,verified,safe-incomplete,0.2033
7,0.09,verified,safe-incomplete,0.2072
7,0.1,verified,safe-incomplete,0.2086
7,0.11,verified,safe,0.351
7,0.12,verified,safe,0.4984
7,0.13,verified,safe,0.8696
7,0.14,verified,safe,1.1434
7,0.15,verified,safe,1.535
7,0.16,verified,safe,2.7452
7,0.17,falsified,unsafe-pgd,0.0231
7,0.18,falsified,unsafe-pgd,0.0216
7,0.19,falsified,unsafe-pgd,0.0201
7,0.2,falsified,unsafe-pgd,0.0201
8,0.01,verified,safe-incomplete,0.1974
8,0.02,verified,safe-incomplete,0.1926
8,0.03,falsified,unsafe-pgd,0.0113
8,0.04,falsified,unsafe-pgd,0.0117
8,0.05,falsified,unsafe-pgd,0.0131
8,0.06,falsified,unsafe-pgd,0.0111
8,0.07,falsified,unsafe-pgd,0.0107
8,0.08,falsified,unsafe-pgd,0.0105
8,0.09,falsified,unsafe-pgd,0.0108
8,0.1,falsified,unsafe-pgd,0.0101
8,0.11,falsified,unsafe-pgd,0.011
8,0.12,falsified,unsafe-pgd,0.0111
8,0.13,falsified,unsafe-pgd,0.0112
8,0.14,falsified,unsafe-pgd,0.0114
8,0.15,falsified,unsafe-pgd,0.0108
8,0.16,falsified,unsafe-pgd,0.0106
8,0.17,falsified,unsafe-pgd,0.0105
8,0.18,falsified,unsafe-pgd,0.0109
8,0.19,falsified,unsafe-pgd,0.0106
8,0.2,falsified,unsafe-pgd,0.0108
9,0.01,verified,safe-incomplete,0.2033
9,0.02,verified,safe-incomplete,0.2039
9,0.03,verified,safe-incomplete,0.2069
9,0.04,verified,safe-incomplete,0.2073
9,0.05,verified,safe-incomplete,0.1987
9,0.06,verified,safe-incomplete,0.2042
9,0.07,verified,safe-incomplete,0.2068
9,0.08,verified,safe-incomplete,0.2038
9,0.09,verified,safe-incomplete,0.2575
9,0.1,verified,safe-incomplete,0.2009
9,0.11,verified,safe,0.3291
9,0.12,verified,safe,0.4232
9,0.13,verified,safe,0.3842
9,0.14,falsified,unsafe-pgd,0.0205
9,0.15,falsified,unsafe-pgd,0.0197
9,0.16,falsified,unsafe-pgd,0.0196
9,0.17,falsified,unsafe-pgd,0.0195
9,0.18,falsified,unsafe-pgd,0.0194
9,0.19,falsified,unsafe-pgd,0.0199
9,0.2,falsified,unsafe-pgd,0.0194
10,0.01,verified,safe-incomplete,0.2007
10,0.02,verified,safe-incomplete,0.2006
10,0.03,verified,safe-incomplete,0.2053
10,0.04,verified,safe-incomplete,0.2044
10,0.05,verified,safe-incomplete,0.204
10,0.06,verified,safe-incomplete,0.2132
10,0.07,verified,safe-incomplete,0.2091
10,0.08,verified,safe-incomplete,0.2098
10,0.09,verified,safe-incomplete,0.2107
10,0.1,verified,safe-incomplete,0.209
10,0.11,verified,safe-incomplete,0.2583
10,0.12,verified,safe-incomplete,0.2077
10,0.13,verified,safe-incomplete,0.2094
10,0.14,verified,safe-incomplete,0.2032
10,0.15,verified,safe-incomplete,0.205
10,0.16,verified,safe-incomplete,0.2094
10,0.17,verified,safe-incomplete,0.197
10,0.18,verified,safe-incomplete,0.2025
10,0.19,verified,safe,0.3934
10,0.2,verified,safe,0.36
11,0.01,verified,safe-incomplete,0.2078
11,0.02,verified,safe-incomplete,0.2057
11,0.03,verified,safe-incomplete,0.2025
11,0.04,verified,safe-incomplete,0.2025
11,0.05,verified,safe-incomplete,0.1993
11,0.06,verified,safe-incomplete,0.2056
11,0.07,verified,safe-incomplete,0.2058
11,0.08,verified,safe-incomplete,0.2024
11,0.09,verified,safe-incomplete,0.204
11,0.1,verified,safe-incomplete,0.2012
11,0.11,verified,safe-incomplete,0.2016
11,0.12,verified,safe-incomplete,0.2047
11,0.13,verified,safe,0.4273
11,0.14,verified,safe,0.4909
11,0.15,verified,safe,0.5864
11,0.16,verified,safe,0.9766
11,0.17,verified,safe,1.3635
11,0.18,verified,safe,2.1884
11,0.19,verified,safe,4.3386
11,0.2,verified,safe,9.2149
12,0.01,verified,safe-incomplete,0.2016
12,0.02,verified,safe-incomplete,0.1999
12,0.03,verified,safe-incomplete,0.2004
12,0.04,verified,safe-incomplete,0.2001
12,0.05,verified,safe-incomplete,0.1859
12,0.06,verified,safe-incomplete,0.2017
12,0.07,verified,safe-incomplete,0.1993
12,0.08,verified,safe-incomplete,0.1977
12,0.09,verified,safe-incomplete,0.1955
12,0.1,verified,safe-incomplete,0.1985
12,0.11,verified,safe,0.3524
12,0.12,verified,safe,0.348
12,0.13,verified,safe,0.6274
12,0.14,verified,safe,0.9361
12,0.15,verified,safe,1.146
12,0.16,verified,safe,1.9669
12,0.17,falsified,unsafe-pgd,0.0229
12,0.18,falsified,unsafe-pgd,0.0221
12,0.19,falsified,unsafe-pgd,0.0208
12,0.2,falsified,unsafe-pgd,0.0199
13,0.01,verified,safe-incomplete,0.2015
13,0.02,verified,safe-incomplete,0.2018
13,0.03,verified,safe-incomplete,0.2068
13,0.04,verified,safe-incomplete,0.2061
13,0.05,verified,safe-incomplete,0.1985
13,0.06,verified,safe-incomplete,0.2004
13,0.07,verified,safe-incomplete,0.1993
13,0.08,verified,safe-incomplete,0.2029
13,0.09,verified,safe-incomplete,0.2014
13,0.1,verified,safe-incomplete,0.201
13,0.11,verified,safe-incomplete,0.1952
13,0.12,verified,safe-incomplete,0.2021
13,0.13,verified,safe-incomplete,0.1899
13,0.14,verified,safe-incomplete,0.2546
13,0.15,verified,safe-incomplete,0.2034
13,0.16,verified,safe-incomplete,0.1933
13,0.17,verified,safe-incomplete,0.2016
13,0.18,verified,safe-incomplete,0.2054
13,0.19,verified,safe-incomplete,0.2282
13,0.2,verified,safe,0.4509
14,0.01,verified,safe-incomplete,0.2071
14,0.02,verified,safe-incomplete,0.2078
14,0.03,verified,safe-incomplete,0.2035
14,0.04,verified,safe-incomplete,0.2045
14,0.05,verified,safe-incomplete,0.1962
14,0.06,verified,safe-incomplete,0.207
14,0.07,verified,safe-incomplete,0.2094
14,0.08,verified,safe-incomplete,0.2049
14,0.09,verified,safe-incomplete,0.1983
14,0.1,verified,safe-incomplete,0.1993
14,0.11,verified,safe-incomplete,0.2025
14,0.12,verified,safe-incomplete,0.1982
14,0.13,verified,safe-incomplete,0.1998
14,0.14,verified,safe-incomplete,0.2005
14,0.15,verified,safe-incomplete,0.2035
14,0.16,verified,safe-incomplete,0.2172
14,0.17,verified,safe,0.3517
14,0.18,verified,safe,0.5126
14,0.19,verified,safe,0.6817
14,0.2,verified,safe,0.9548
15,0.01,verified,safe-incomplete,0.2004
15,0.02,verified,safe-incomplete,0.1987
15,0.03,verified,safe-incomplete,0.205
15,0.04,verified,safe-incomplete,0.199
15,0.05,verified,safe-incomplete,0.1901
15,0.06,verified,safe-incomplete,0.2005
15,0.07,verified,safe-incomplete,0.2091
15,0.08,verified,safe-incomplete,0.2089
15,0.09,verified,safe-incomplete,0.2096
15,0.1,verified,safe,0.3679
15,0.11,verified,safe,0.3381
15,0.12,verified,safe,0.5957
15,0.13,verified,safe,1.0525
15,0.14,falsified,unsafe-pgd,0.0202
15,0.15,falsified,unsafe-pgd,0.0205
15,0.16,falsified,unsafe-pgd,0.02
15,0.17,falsified,unsafe-pgd,0.0203
15,0.18,falsified,unsafe-pgd,0.025
15,0.19,falsified,unsafe-pgd,0.0205
15,0.2,falsified,unsafe-pgd,0.0202
16,0.01,verified,safe-incomplete,0.2038
16,0.02,verified,safe-incomplete,0.2059
16,0.03,verified,safe-incomplete,0.2052
16,0.04,verified,safe-incomplete,0.2051
16,0.05,verified,safe-incomplete,0.1928
16,0.06,verified,safe-incomplete,0.2156
16,0.07,verified,safe-incomplete,0.1927
16,0.08,verified,safe-incomplete,0.2027
16,0.09,verified,safe-incomplete,0.2033
16,0.1,verified,safe-incomplete,0.2107
16,0.11,verified,safe,0.3467
16,0.12,verified,safe,0.406
16,0.13,verified,safe,0.6664
16,0.14,verified,safe,0.9026
16,0.15,verified,safe,1.3365
16,0.16,verified,safe,2.2005
16,0.17,verified,safe,4.1167
16,0.18,falsified,unsafe-pgd,0.0331
16,0.19,falsified,unsafe-pgd,0.022
16,0.2,falsified,unsafe-pgd,0.0214
17,0.01,verified,safe-incomplete,0.2067
17,0.02,verified,safe-incomplete,0.2063
17,0.03,verified,safe-incomplete,0.2039
17,0.04,verified,safe-incomplete,0.2074
17,0.05,verified,safe-incomplete,0.2019
17,0.06,verified,safe-incomplete,0.2073
17,0.07,verified,safe-incomplete,0.2081
17,0.08,verified,safe-incomplete,0.2028
17,0.09,verified,safe-incomplete,0.2046
17,0.1,verified,safe-incomplete,0.2077
17,0.11,verified,safe-incomplete,0.2026
17,0.12,verified,safe-incomplete,0.2018
17,0.13,verified,safe-incomplete,0.2042
17,0.14,verified,safe-incomplete,0.2026
17,0.15,verified,safe-incomplete,0.2141
17,0.16,verified,safe-incomplete,0.2614
17,0.17,verified,safe,0.3268
17,0.18,verified,safe,0.3927
17,0.19,verified,safe,0.5732
17,0.2,verified,safe,0.9256
18,0.01,verified,safe-incomplete,0.2059
18,0.02,verified,safe-incomplete,0.2029
18,0.03,verified,safe-incomplete,0.1963
18,0.04,verified,safe-incomplete,0.2013
18,0.05,verified,safe-incomplete,0.1912
18,0.06,verified,safe-incomplete,0.2023
18,0.07,verified,safe,0.3593
18,0.08,falsified,unsafe-pgd,0.0206
18,0.09,falsified,unsafe-pgd,0.02
18,0.1,falsified,unsafe-pgd,0.0208
18,0.11,falsified,unsafe-pgd,0.0214
18,0.12,falsified,unsafe-pgd,0.021
18,0.13,falsified,unsafe-pgd,0.0204
18,0.14,falsified,unsafe-pgd,0.0202
18,0.15,falsified,unsafe-pgd,0.0201
18,0.16,falsified,unsafe-pgd,0.0203
18,0.17,falsified,unsafe-pgd,0.0211
18,0.18,falsified,unsafe-pgd,0.0205
18,0.19,falsified,unsafe-pgd,0.0209
18,0.2,falsified,unsafe-pgd,0.02
19,0.01,verified,safe-incomplete,0.2105
19,0.02,verified,safe-incomplete,0.2044
19,0.03,verified,safe-incomplete,0.207
19,0.04,verified,safe-incomplete,0.2073
19,0.05,verified,safe-incomplete,0.2563
19,0.06,verified,safe-incomplete,0.2044
19,0.07,verified,safe-incomplete,0.2028
19,0.08,verified,safe-incomplete,0.2052
19,0.09,verified,safe-incomplete,0.2046
19,0.1,verified,safe-incomplete,0.2037
19,0.11,verified,safe-incomplete,0.2027
19,0.12,verified,safe-incomplete,0.2057
19,0.13,verified,safe,0.4509
19,0.14,verified,safe,0.5616
19,0.15,verified,safe,1.0525
19,0.16,verified,safe,1.4001
19,0.17,verified,safe,2.5985
19,0.18,verified,safe,6.6179
19,0.19,falsified,unsafe-pgd,0.0202
19,0.2,falsified,unsafe-pgd,0.0197
20,0.01,verified,safe-incomplete,0.2019
20,0.02,verified,safe-incomplete,0.205
20,0.03,verified,safe-incomplete,0.2006
20,0.04,verified,safe-incomplete,0.2127
20,0.05,verified,safe-incomplete,0.1979
20,0.06,verified,safe-incomplete,0.2064
20,0.07,verified,safe-incomplete,0.2113
20,0.08,verified,safe-incomplete,0.2043
20,0.09,verified,safe-incomplete,0.2074
20,0.1,verified,safe,0.3659
20,0.11,verified,safe,0.3671
20,0.12,verified,safe,0.817
20,0.13,verified,safe,1.3021
20,0.14,verified,safe,1.8951
20,0.15,falsified,unsafe-pgd,0.0215
20,0.16,falsified,unsafe-pgd,0.0204
20,0.17,falsified,unsafe-pgd,0.0203
20,0.18,falsified,unsafe-pgd,0.0217
20,0.19,falsified,unsafe-pgd,0.0195
20,0.2,falsified,unsafe-pgd,0.0196
21,0.01,verified,safe-incomplete,0.1991
21,0.02,verified,safe-incomplete,0.2007
21,0.03,verified,safe-incomplete,0.2093
21,0.04,verified,safe-incomplete,0.1923
21,0.05,verified,safe-incomplete,0.1931
21,0.06,verified,safe-incomplete,0.198
21,0.07,verified,safe-incomplete,0.1963
21,0.08,verified,safe-incomplete,0.21
21,0.09,verified,safe-incomplete,0.2101
21,0.1,verified,safe-incomplete,0.2046
21,0.11,verified,safe,0.471
21,0.12,verified,safe,0.3693
21,0.13,verified,safe,0.5286
21,0.14,verified,safe,0.7673
21,0.15,verified,safe,1.1397
21,0.16,verified,safe,2.0118
21,0.17,falsified,unsafe-pgd,0.0238
21,0.18,falsified,unsafe-pgd,0.0203
21,0.19,falsified,unsafe-pgd,0.0208
21,0.2,falsified,unsafe-pgd,0.0203
22,0.01,verified,safe-incomplete,0.2027
22,0.02,verified,safe-incomplete,0.2017
22,0.03,verified,safe-incomplete,0.1997
22,0.04,verified,safe-incomplete,0.2075
22,0.05,verified,safe-incomplete,0.1919
22,0.06,verified,safe-incomplete,0.2045
22,0.07,verified,safe-incomplete,0.2003
22,0.08,verified,safe-incomplete,0.2083
22,0.09,verified,safe-incomplete,0.1967
22,0.1,verified,safe-incomplete,0.2025
22,0.11,verified,safe-incomplete,0.217
22,0.12,verified,safe,0.3221
22,0.13,verified,safe,0.5147
22,0.14,verified,safe,0.7172
22,0.15,verified,safe,0.9076
22,0.16,verified,safe,1.3824
22,0.17,verified,safe,2.4752
22,0.18,verified,safe,5.0576
22,0.19,verified,safe,13.162
22,0.2,verified,safe,31.5913
23,0.01,verified,safe-incomplete,0.198
23,0.02,verified,safe-incomplete,0.2015
23,0.03,verified,safe-incomplete,0.1964
23,0.04,verified,safe-incomplete,0.1991
23,0.05,verified,safe-incomplete,0.1988
23,0.06,verified,safe-incomplete,0.2058
23,0.07,verified,safe-incomplete,0.2045
23,0.08,verified,safe-incomplete,0.2057
23,0.09,verified,safe-incomplete,0.2121
23,0.1,verified,safe-incomplete,0.2078
23,0.11,verified,safe-incomplete,0.203
23,0.12,verified,safe-incomplete,0.1986
23,0.13,verified,safe-incomplete,0.2665
23,0.14,verified,safe-incomplete,0.202
23,0.15,verified,safe-incomplete,0.1985
23,0.16,verified,safe,0.3381
23,0.17,verified,safe,0.4528
23,0.18,verified,safe,0.5549
23,0.19,verified,safe,0.7648
23,0.2,verified,safe,1.0353
24,0.01,verified,safe-incomplete,0.205
24,0.02,verified,safe-incomplete,0.1991
24,0.03,verified,safe-incomplete,0.1958
24,0.04,verified,safe-incomplete,0.1965
24,0.05,verified,safe-incomplete,0.1926
24,0.06,verified,safe-incomplete,0.2066
24,0.07,verified,safe-incomplete,0.2039
24,0.08,verified,safe-incomplete,0.1987
24,0.09,verified,safe-incomplete,0.2
24,0.1,verified,safe,0.459
24,0.11,verified,safe,0.6665
24,0.12,verified,safe,0.8982
24,0.13,verified,safe,1.1161
24,0.14,verified,safe,1.9039
24,0.15,verified,safe,4.3084
24,0.16,falsified,unsafe-pgd,0.021
24,0.17,falsified,unsafe-pgd,0.0202
24,0.18,falsified,unsafe-pgd,0.0197
24,0.19,falsified,unsafe-pgd,0.0199
24,0.2,falsified,unsafe-pgd,0.0204
25,0.01,verified,safe-incomplete,0.2114
25,0.02,verified,safe-incomplete,0.2071
25,0.03,verified,safe-incomplete,0.207
25,0.04,verified,safe-incomplete,0.2047
25,0.05,verified,safe-incomplete,0.1976
25,0.06,verified,safe-incomplete,0.212
25,0.07,verified,safe-incomplete,0.2111
25,0.08,verified,safe-incomplete,0.2082
25,0.09,verified,safe-incomplete,0.2029
25,0.1,verified,safe-incomplete,0.1973
25,0.11,verified,safe-incomplete,0.2002
25,0.12,verified,safe-incomplete,0.2001
25,0.13,verified,safe-incomplete,0.2009
25,0.14,verified,safe-incomplete,0.2589
25,0.15,verified,safe-incomplete,0.2058
25,0.16,verified,safe-incomplete,0.1962
25,0.17,verified,safe-incomplete,0.1946
25,0.18,verified,safe-incomplete,0.1992
25,0.19,verified,safe-incomplete,0.1986
25,0.2,verified,safe-incomplete,0.2004
26,0.01,verified,safe-incomplete,0.2052
26,0.02,verified,safe-incomplete,0.2035
26,0.03,verified,safe-incomplete,0.2006
26,0.04,verified,safe-incomplete,0.193
26,0.05,verified,safe-incomplete,0.1976
26,0.06,verified,safe-incomplete,0.2059
26,0.07,verified,safe-incomplete,0.2022
26,0.08,verified,safe-incomplete,0.2076
26,0.09,verified,safe-incomplete,0.2064
26,0.1,verified,safe-incomplete,0.2106
26,0.11,verified,safe-incomplete,0.2668
26,0.12,verified,safe-incomplete,0.2078
26,0.13,verified,safe-incomplete,0.2068
26,0.14,verified,safe,0.3349
26,0.15,verified,safe,0.3992
26,0.16,verified,safe,0.6652
26,0.17,verified,safe,1.2622
26,0.18,verified,safe,1.9918
26,0.19,verified,safe,3.1578
26,0.2,falsified,unsafe-pgd,0.0228
27,0.01,verified,safe-incomplete,0.2071
27,0.02,verified,safe-incomplete,0.2122
27,0.03,verified,safe-incomplete,0.2104
27,0.04,verified,safe-incomplete,0.2063
27,0.05,verified,safe-incomplete,0.2
27,0.06,verified,safe-incomplete,0.2007
27,0.07,verified,safe-incomplete,0.2096
27,0.08,verified,safe-incomplete,0.2087
27,0.09,verified,safe-incomplete,0.2093
27,0.1,verified,safe-incomplete,0.1992
27,0.11,verified,safe-incomplete,0.2029
27,0.12,verified,safe-incomplete,0.2003
27,0.13,verified,safe,0.3914
27,0.14,verified,safe,0.5693
27,0.15,verified,safe,0.8429
27,0.16,verified,safe,1.2798
27,0.17,verified,safe,1.8506
27,0.18,falsified,unsafe-pgd,0.024
27,0.19,falsified,unsafe-pgd,0.0203
27,0.2,falsified,unsafe-pgd,0.02
28,0.01,verified,safe-incomplete,0.205
28,0.02,verified,safe-incomplete,0.2065
28,0.03,verified,safe-incomplete,0.2059
28,0.04,verified,safe-incomplete,0.2054
28,0.05,verified,safe-incomplete,0.1977
28,0.06,verified,safe-incomplete,0.2105
28,0.07,verified,safe-incomplete,0.2049
28,0.08,verified,safe-incomplete,0.2074
28,0.09,verified,safe-incomplete,0.2101
28,0.1,verified,safe-incomplete,0.2085
28,0.11,verified,safe-incomplete,0.2074
28,0.12,verified,safe-incomplete,0.2087
28,0.13,verified,safe-incomplete,0.2086
28,0.14,verified,safe-incomplete,0.2649
28,0.15,verified,safe-incomplete,0.2072
28,0.16,verified,safe-incomplete,0.2006
28,0.17,verified,safe-incomplete,0.1943
28,0.18,verified,safe-incomplete,0.2011
28,0.19,verified,safe-incomplete,0.2011
28,0.2,verified,safe-incomplete,0.207
29,0.01,verified,safe-incomplete,0.2097
29,0.02,verified,safe-incomplete,0.2004
29,0.03,verified,safe-incomplete,0.2056
29,0.04,verified,safe-incomplete,0.2125
29,0.05,verified,safe-incomplete,0.1945
29,0.06,verified,safe-incomplete,0.2029
29,0.07,verified,safe-incomplete,0.2071
29,0.08,verified,safe-incomplete,0.2056
29,0.09,verified,safe-incomplete,0.2127
29,0.1,verified,safe-incomplete,0.2078
29,0.11,verified,safe-incomplete,0.2051
29,0.12,verified,safe-incomplete,0.2656
29,0.13,verified,safe,0.4704
29,0.14,verified,safe,0.6187
29,0.15,verified,safe,0.888
29,0.16,verified,safe,1.1072
29,0.17,verified,safe,1.6698
29,0.18,verified,safe,2.6906
29,0.19,falsified,unsafe-pgd,0.0239
29,0.2,falsified,unsafe-pgd,0.0203
30,0.01,verified,safe-incomplete,0.2015
30,0.02,verified,safe-incomplete,0.2038
30,0.03,verified,safe-incomplete,0.2089
30,0.04,verified,safe-incomplete,0.2046
30,0.05,verified,safe-incomplete,0.1998
30,0.06,verified,safe-incomplete,0.2053
30,0.07,verified,safe-incomplete,0.2063
30,0.08,verified,safe-incomplete,0.2081
30,0.09,verified,safe-incomplete,0.2133
30,0.1,verified,safe-incomplete,0.209
30,0.11,verified,safe-incomplete,0.2065
30,0.12,verified,safe-incomplete,0.2074
30,0.13,verified,safe-incomplete,0.2058
30,0.14,verified,safe-incomplete,0.203
30,0.15,verified,safe-incomplete,0.2045
30,0.16,verified,safe-incomplete,0.2251
30,0.17,verified,safe,0.5796
30,0.18,verified,safe,0.5768
30,0.19,verified,safe,0.8396
30,0.2,verified,safe,1.0835
31,0.01,verified,safe-incomplete,0.2067
31,0.02,verified,safe-incomplete,0.2071
31,0.03,verified,safe-incomplete,0.2054
31,0.04,verified,safe-incomplete,0.2024
31,0.05,verified,safe-incomplete,0.2034
31,0.06,verified,safe-incomplete,0.2108
31,0.07,verified,safe-incomplete,0.2077
31,0.08,verified,safe,0.3408
31,0.09,verified,safe,0.6332
31,0.1,verified,safe,1.0626
31,0.11,falsified,unsafe-pgd,0.021
31,0.12,falsified,unsafe-pgd,0.0205
31,0.13,falsified,unsafe-pgd,0.0204
31,0.14,falsified,unsafe-pgd,0.0203
31,0.15,falsified,unsafe-pgd,0.0203
31,0.16,falsified,unsafe-pgd,0.0197
31,0.17,falsified,unsafe-pgd,0.02
31,0.18,falsified,unsafe-pgd,0.0199
31,0.19,falsified,unsafe-pgd,0.0198
31,0.2,falsified,unsafe-pgd,0.0197
32,0.01,verified,safe-incomplete,0.204
32,0.02,verified,safe-incomplete,0.2085
32,0.03,verified,safe-incomplete,0.205
32,0.04,verified,safe-incomplete,0.2071
32,0.05,verified,safe-incomplete,0.1895
32,0.06,verified,safe-incomplete,0.2092
32,0.07,verified,safe-incomplete,0.2087
32,0.08,verified,safe-incomplete,0.2693
32,0.09,verified,safe-incomplete,0.2019
32,0.1,verified,safe-incomplete,0.2023
32,0.11,verified,safe-incomplete,0.1991
32,0.12,verified,safe-incomplete,0.2065
32,0.13,verified,safe-incomplete,0.2053
32,0.14,verified,safe-incomplete,0.1964
32,0.15,verified,safe,0.4196
32,0.16,verified,safe,0.489
32,0.17,verified,safe,0.5802
32,0.18,verified,safe,0.915
32,0.19,verified,safe,1.2101
32,0.2,verified,safe,1.6514
33,0.01,verified,safe-incomplete,0.1926
33,0.02,verified,safe-incomplete,0.2012
33,0.03,verified,safe-incomplete,0.2002
33,0.04,verified,safe-incomplete,0.1993
33,0.05,falsified,unsafe-pgd,0.0126
33,0.06,falsified,unsafe-pgd,0.0118
33,0.07,falsified,unsafe-pgd,0.0111
33,0.08,falsified,unsafe-pgd,0.0108
33,0.09,falsified,unsafe-pgd,0.0107
33,0.1,falsified,unsafe-pgd,0.011
33,0.11,falsified,unsafe-pgd,0.0106
33,0.12,falsified,unsafe-pgd,0.0109
33,0.13,falsified,unsafe-pgd,0.0109
33,0.14,falsified,unsafe-pgd,0.0103
33,0.15,falsified,unsafe-pgd,0.0106
33,0.16,falsified,unsafe-pgd,0.0108
33,0.17,falsified,unsafe-pgd,0.0104
33,0.18,falsified,unsafe-pgd,0.0107
33,0.19,falsified,unsafe-pgd,0.0121
33,0.2,falsified,unsafe-pgd,0.0113
34,0.01,verified,safe-incomplete,0.2085
34,0.02,verified,safe-incomplete,0.204
34,0.03,verified,safe-incomplete,0.2059
34,0.04,verified,safe-incomplete,0.2042
34,0.05,verified,safe-incomplete,0.1971
34,0.06,verified,safe-incomplete,0.2062
34,0.07,verified,safe-incomplete,0.2028
34,0.08,verified,safe-incomplete,0.1992
34,0.09,verified,safe-incomplete,0.2562
34,0.1,verified,safe-incomplete,0.2044
34,0.11,verified,safe-incomplete,0.2057
34,0.12,verified,safe-incomplete,0.2006
34,0.13,verified,safe-incomplete,0.2034
34,0.14,verified,safe-incomplete,0.2085
34,0.15,verified,safe-incomplete,0.2107
34,0.16,verified,safe,0.4623
34,0.17,verified,safe,0.6785
34,0.18,verified,safe,0.9236
34,0.19,verified,safe,1.2273
34,0.2,verified,safe,1.5538
35,0.01,verified,safe-incomplete,0.2068
35,0.02,verified,safe-incomplete,0.205
35,0.03,verified,safe-incomplete,0.2029
35,0.04,verified,safe-incomplete,0.2036
35,0.05,verified,safe-incomplete,0.1934
35,0.06,verified,safe-incomplete,0.2073
35,0.07,verified,safe-incomplete,0.2042
35,0.08,verified,safe-incomplete,0.2027
35,0.09,verified,safe-incomplete,0.2045
35,0.1,verified,safe-incomplete,0.206
35,0.11,verified,safe-incomplete,0.2019
35,0.12,verified,safe-incomplete,0.2112
35,0.13,verified,safe-incomplete,0.2081
35,0.14,verified,safe-incomplete,0.2077
35,0.15,verified,safe-incomplete,0.2053
35,0.16,verified,safe-incomplete,0.2121
35,0.17,verified,safe-incomplete,0.2053
35,0.18,verified,safe,0.3963
35,0.19,verified,safe,0.4314
35,0.2,verified,safe,0.5958
36,0.01,verified,safe-incomplete,0.2098
36,0.02,verified,safe-incomplete,0.2007
36,0.03,verified,safe-incomplete,0.2017
36,0.04,verified,safe-incomplete,0.2038
36,0.05,verified,safe-incomplete,0.1972
36,0.06,verified,safe-incomplete,0.2084
36,0.07,verified,safe-incomplete,0.2009
36,0.08,verified,safe-incomplete,0.206
36,0.09,verified,safe-incomplete,0.1983
36,0.1,verified,safe-incomplete,0.2063
36,0.11,verified,safe-incomplete,0.2009
36,0.12,verified,safe-incomplete,0.205
36,0.13,verified,safe-incomplete,0.1993
36,0.14,verified,safe-incomplete,0.1968
36,0.15,verified,safe-incomplete,0.1979
36,0.16,verified,safe-incomplete,0.2224
36,0.17,verified,safe,0.5295
36,0.18,verified,safe,0.5899
36,0.19,verified,safe,0.7787
36,0.2,verified,safe,1.1245
37,0.01,verified,safe-incomplete,0.2123
37,0.02,verified,safe-incomplete,0.2008
37,0.03,verified,safe-incomplete,0.2059
37,0.04,verified,safe-incomplete,0.2076
37,0.05,verified,safe-incomplete,0.202
37,0.06,verified,safe-incomplete,0.1996
37,0.07,verified,safe-incomplete,0.2011
37,0.08,verified,safe-incomplete,0.206
37,0.09,verified,safe-incomplete,0.2023
37,0.1,verified,safe-incomplete,0.1988
37,0.11,verified,safe-incomplete,0.1994
37,0.12,verified,safe-incomplete,0.203
37,0.13,verified,safe,0.3389
37,0.14,verified,safe,0.4016
37,0.15,verified,safe,0.7206
37,0.16,verified,safe,1.0228
37,0.17,verified,safe,1.8128
37,0.18,verified,safe,3.4223
37,0.19,timeout,unknown,8.6066
37,0.2,falsified,unsafe-pgd,0.0207
38,0.01,verified,safe-incomplete,0.2059
38,0.02,verified,safe-incomplete,0.2044
38,0.03,verified,safe-incomplete,0.1987
38,0.04,verified,safe-incomplete,0.1972
38,0.05,verified,safe-incomplete,0.1986
38,0.06,verified,safe-incomplete,0.2008
38,0.07,verified,safe-incomplete,0.1995
38,0.08,verified,safe,0.3591
38,0.09,verified,safe,0.453
38,0.1,verified,safe,0.9514
38,0.11,falsified,unsafe-pgd,0.0233
38,0.12,falsified,unsafe-pgd,0.0203
38,0.13,falsified,unsafe-pgd,0.02
38,0.14,falsified,unsafe-pgd,0.0204
38,0.15,falsified,unsafe-pgd,0.0197
38,0.16,falsified,unsafe-pgd,0.0201
38,0.17,falsified,unsafe-pgd,0.0203
38,0.18,falsified,unsafe-pgd,0.0198
38,0.19,falsified,unsafe-pgd,0.02
38,0.2,falsified,unsafe-pgd,0.02
39,0.01,verified,safe-incomplete,0.2062
39,0.02,verified,safe-incomplete,0.2036
39,0.03,verified,safe-incomplete,0.2091
39,0.04,verified,safe-incomplete,0.2068
39,0.05,verified,safe-incomplete,0.1981
39,0.06,verified,safe-incomplete,0.1953
39,0.07,verified,safe-incomplete,0.204
39,0.08,verified,safe-incomplete,0.2029
39,0.09,verified,safe-incomplete,0.2563
39,0.1,verified,safe-incomplete,0.1992
39,0.11,verified,safe-incomplete,0.2044
39,0.12,verified,safe-incomplete,0.2039
39,0.13,verified,safe-incomplete,0.202
39,0.14,verified,safe-incomplete,0.2017
39,0.15,verified,safe,0.4629
39,0.16,verified,safe,0.494
39,0.17,verified,safe,0.655
39,0.18,verified,safe,1.0579
39,0.19,verified,safe,1.5647
39,0.2,verified,safe,2.0443
40,0.01,verified,safe-incomplete,0.2069
40,0.02,verified,safe-incomplete,0.2089
40,0.03,verified,safe-incomplete,0.2117
40,0.04,verified,safe-incomplete,0.2131
40,0.05,verified,safe-incomplete,0.2035
40,0.06,verified,safe-incomplete,0.2041
40,0.07,verified,safe-incomplete,0.209
40,0.08,verified,safe-incomplete,0.2047
40,0.09,verified,safe-incomplete,0.206
40,0.1,verified,safe-incomplete,0.2045
40,0.11,verified,safe-incomplete,0.2217
40,0.12,verified,safe,0.5256
40,0.13,verified,safe,0.8435
40,0.14,verified,safe,1.2857
40,0.15,verified,safe,1.8822
40,0.16,verified,safe,2.8066
40,0.17,falsified,unsafe-pgd,0.0215
40,0.18,falsified,unsafe-pgd,0.0206
40,0.19,falsified,unsafe-pgd,0.0206
40,0.2,falsified,unsafe-pgd,0.0205
41,0.01,verified,safe-incomplete,0.2017
41,0.02,verified,safe-incomplete,0.2036
41,0.03,verified,safe-incomplete,0.2103
41,0.04,verified,safe-incomplete,0.2061
41,0.05,verified,safe-incomplete,0.197
41,0.06,verified,safe-incomplete,0.2047
41,0.07,verified,safe-incomplete,0.2018
41,0.08,verified,safe-incomplete,0.2024
41,0.09,verified,safe-incomplete,0.2043
41,0.1,verified,safe-incomplete,0.205
41,0.11,verified,safe-incomplete,0.2024
41,0.12,verified,safe-incomplete,0.2013
41,0.13,verified,safe-incomplete,0.202
41,0.14,verified,safe,0.4009
41,0.15,verified,safe,0.3841
41,0.16,verified,safe,0.5309
41,0.17,verified,safe,0.7944
41,0.18,verified,safe,1.3881
41,0.19,verified,safe,1.989
41,0.2,verified,safe,3.1445
42,0.01,verified,safe-incomplete,0.2048
42,0.02,verified,safe-incomplete,0.2016
42,0.03,verified,safe-incomplete,0.2029
42,0.04,verified,safe-incomplete,0.2074
42,0.05,verified,safe-incomplete,0.2015
42,0.06,verified,safe-incomplete,0.2146
42,0.07,verified,safe-incomplete,0.2032
42,0.08,verified,safe-incomplete,0.2054
42,0.09,verified,safe-incomplete,0.2114
42,0.1,verified,safe,0.3406
42,0.11,verified,safe,0.6418
42,0.12,verified,safe,1.2623
42,0.13,falsified,unsafe-pgd,0.0214
42,0.14,falsified,unsafe-pgd,0.0219
42,0.15,falsified,unsafe-pgd,0.0218
42,0.16,falsified,unsafe-pgd,0.0202
42,0.17,falsified,unsafe-pgd,0.0206
42,0.18,falsified,unsafe-pgd,0.0202
42,0.19,falsified,unsafe-pgd,0.0207
42,0.2,falsified,unsafe-pgd,0.0212
43,0.01,verified,safe-incomplete,0.2022
43,0.02,verified,safe-incomplete,0.2063
43,0.03,verified,safe-incomplete,0.204
43,0.04,verified,safe-incomplete,0.204
43,0.05,verified,safe-incomplete,0.2001
43,0.06,verified,safe-incomplete,0.1996
43,0.07,verified,safe-incomplete,0.1968
43,0.08,verified,safe-incomplete,0.2025
43,0.09,verified,safe-incomplete,0.2048
43,0.1,verified,safe-incomplete,0.2663
43,0.11,verified,safe-incomplete,0.2024
43,0.12,verified,safe-incomplete,0.2022
43,0.13,verified,safe,0.3351
43,0.14,verified,safe,0.6028
43,0.15,verified,safe,0.7965
43,0.16,verified,safe,1.0235
43,0.17,verified,safe,1.928
43,0.18,verified,safe,4.1161
43,0.19,falsified,unsafe-pgd,0.0272
43,0.2,falsified,unsafe-pgd,0.0201
44,0.01,verified,safe-incomplete,0.2043
44,0.02,verified,safe-incomplete,0.2046
44,0.03,verified,safe-incomplete,0.222
44,0.04,verified,safe-incomplete,0.2009
44,0.05,verified,safe-incomplete,0.1977
44,0.06,verified,safe-incomplete,0.2066
44,0.07,verified,safe-incomplete,0.2027
44,0.08,verified,safe-incomplete,0.2074
44,0.09,verified,safe-incomplete,0.202
44,0.1,verified,safe,0.3224
44,0.11,verified,safe,0.5417
44,0.12,verified,safe,0.9218
44,0.13,verified,safe,1.7267
44,0.14,falsified,unsafe-pgd,0.0217
44,0.15,falsified,unsafe-pgd,0.0208
44,0.16,falsified,unsafe-pgd,0.02
44,0.17,falsified,unsafe-pgd,0.0206
44,0.18,falsified,unsafe-pgd,0.0203
44,0.19,falsified,unsafe-pgd,0.0198
44,0.2,falsified,unsafe-pgd,0.0199
45,0.01,verified,safe-incomplete,0.2046
45,0.02,verified,safe-incomplete,0.2043
45,0.03,verified,safe-incomplete,0.2051
45,0.04,verified,safe-incomplete,0.2043
45,0.05,verified,safe-incomplete,0.1994
45,0.06,verified,safe-incomplete,0.2
45,0.07,verified,safe-incomplete,0.1986
45,0.08,verified,safe-incomplete,0.2031
45,0.09,verified,safe-incomplete,0.2061
45,0.1,verified,safe-incomplete,0.2157
45,0.11,verified,safe-incomplete,0.2101
45,0.12,verified,safe-incomplete,0.2757
45,0.13,verified,safe,0.3743
45,0.14,verified,safe,0.5007
45,0.15,verified,safe,0.8966
45,0.16,verified,safe,1.1512
45,0.17,verified,safe,1.5394
45,0.18,verified,safe,2.4623
45,0.19,verified,safe,4.6539
45,0.2,verified,safe,10.9369
46,0.01,verified,safe-incomplete,0.2047
46,0.02,verified,safe-incomplete,0.203
46,0.03,verified,safe-incomplete,0.2055
46,0.04,verified,safe-incomplete,0.2067
46,0.05,verified,safe-incomplete,0.1955
46,0.06,verified,safe-incomplete,0.2009
46,0.07,verified,safe-incomplete,0.2043
46,0.08,verified,safe-incomplete,0.2081
46,0.09,verified,safe-incomplete,0.2077
46,0.1,verified,safe-incomplete,0.2082
46,0.11,verified,safe,0.349
46,0.12,verified,safe,0.3859
46,0.13,verified,safe,0.6084
46,0.14,verified,safe,1.0045
46,0.15,verified,safe,1.2477
46,0.16,verified,safe,1.7584
46,0.17,verified,safe,2.851
46,0.18,timeout,unknown,7.8551
46,0.19,falsified,unsafe-pgd,0.024
46,0.2,falsified,unsafe-pgd,0.0228
47,0.01,verified,safe-incomplete,0.2096
47,0.02,verified,safe-incomplete,0.2049
47,0.03,verified,safe-incomplete,0.2129
47,0.04,verified,safe-incomplete,0.2091
47,0.05,verified,safe-incomplete,0.1938
47,0.06,verified,safe-incomplete,0.2076
47,0.07,verified,safe-incomplete,0.1981
47,0.08,verified,safe-incomplete,0.2073
47,0.09,verified,safe-incomplete,0.2048
47,0.1,verified,safe-incomplete,0.2053
47,0.11,verified,safe-incomplete,0.2021
47,0.12,verified,safe-incomplete,0.2089
47,0.13,verified,safe-incomplete,0.2063
47,0.14,verified,safe,0.3374
47,0.15,verified,safe,0.5583
47,0.16,verified,safe,0.7392
47,0.17,verified,safe,1.025
47,0.18,verified,safe,1.515
47,0.19,verified,safe,2.2035
47,0.2,verified,safe,4.0437
48,0.01,verified,safe-incomplete,0.2069
48,0.02,verified,safe-incomplete,0.2077
48,0.03,verified,safe-incomplete,0.2054
48,0.04,verified,safe-incomplete,0.203
48,0.05,verified,safe-incomplete,0.1927
48,0.06,verified,safe-incomplete,0.2062
48,0.07,verified,safe-incomplete,0.2063
48,0.08,verified,safe-incomplete,0.2002
48,0.09,verified,safe-incomplete,0.2075
48,0.1,verified,safe-incomplete,0.2038
48,0.11,verified,safe-incomplete,0.2016
48,0.12,verified,safe-incomplete,0.2058
48,0.13,verified,safe-incomplete,0.2127
48,0.14,verified,safe,0.3478
48,0.15,verified,safe,0.4297
48,0.16,verified,safe,0.6507
48,0.17,verified,safe,1.1662
48,0.18,falsified,unsafe-pgd,0.0236
48,0.19,falsified,unsafe-pgd,0.0211
48,0.2,falsified,unsafe-pgd,0.0202
49,0.01,verified,safe-incomplete,0.2036
49,0.02,verified,safe-incomplete,0.2091
49,0.03,verified,safe-incomplete,0.206
49,0.04,verified,safe-incomplete,0.2052
49,0.05,verified,safe-incomplete,0.2037
49,0.06,verified,safe-incomplete,0.2056
49,0.07,verified,safe-incomplete,0.2034
49,0.08,verified,safe-incomplete,0.2017
49,0.09,verified,safe-incomplete,0.201
49,0.1,verified,safe-incomplete,0.2
49,0.11,verified,safe-incomplete,0.2004
49,0.12,verified,safe,0.4299
49,0.13,verified,safe,0.459
49,0.14,verified,safe,0.6901
49,0.15,verified,safe,1.0491
49,0.16,falsified,unsafe-pgd,0.0262
49,0.17,falsified,unsafe-pgd,0.0206
49,0.18,falsified,unsafe-pgd,0.0201
49,0.19,falsified,unsafe-pgd,0.0209
49,0.2,falsified,unsafe-pgd,0.0204
50,0.01,verified,safe-incomplete,0.2079
50,0.02,verified,safe-incomplete,0.2103
50,0.03,verified,safe-incomplete,0.2109
50,0.04,verified,safe-incomplete,0.204
50,0.05,verified,safe-incomplete,0.2058
50,0.06,verified,safe-incomplete,0.2119
50,0.07,verified,safe-incomplete,0.2068
50,0.08,verified,safe-incomplete,0.2032
50,0.09,verified,safe-incomplete,0.2069
50,0.1,verified,safe-incomplete,0.2083
50,0.11,verified,safe-incomplete,0.208
50,0.12,verified,safe,0.4627
50,0.13,verified,safe,0.4989
50,0.14,verified,safe,0.7445
50,0.15,verified,safe,1.0908
50,0.16,verified,safe,1.2902
50,0.17,verified,safe,2.2643
50,0.18,falsified,unsafe-pgd,0.0236
50,0.19,falsified,unsafe-pgd,0.0202
50,0.2,falsified,unsafe-pgd,0.0201
51,0.01,verified,safe-incomplete,0.2057
51,0.02,verified,safe-incomplete,0.2079
51,0.03,verified,safe-incomplete,0.2059
51,0.04,verified,safe-incomplete,0.21
51,0.05,verified,safe-incomplete,0.1993
51,0.06,verified,safe-incomplete,0.2112
51,0.07,verified,safe-incomplete,0.2083
51,0.08,verified,safe-incomplete,0.208
51,0.09,verified,safe-incomplete,0.2082
51,0.1,verified,safe-incomplete,0.2141
51,0.11,verified,safe-incomplete,0.2088
51,0.12,verified,safe-incomplete,0.2088
51,0.13,verified,safe-incomplete,0.2042
51,0.14,verified,safe-incomplete,0.2703
51,0.15,verified,safe-incomplete,0.215
51,0.16,verified,safe-incomplete,0.2033
51,0.17,verified,safe-incomplete,0.2014
51,0.18,verified,safe,0.5065
51,0.19,verified,safe,0.5482
51,0.2,verified,safe,0.7383
52,0.01,verified,safe-incomplete,0.2024
52,0.02,verified,safe-incomplete,0.2046
52,0.03,verified,safe-incomplete,0.2031
52,0.04,verified,safe-incomplete,0.2049
52,0.05,verified,safe-incomplete,0.1955
52,0.06,verified,safe-incomplete,0.2083
52,0.07,verified,safe-incomplete,0.2071
52,0.08,verified,safe-incomplete,0.2101
52,0.09,verified,safe-incomplete,0.2104
52,0.1,verified,safe-incomplete,0.2107
52,0.11,verified,safe-incomplete,0.2672
52,0.12,verified,safe,0.568
52,0.13,verified,safe,0.8285
52,0.14,verified,safe,1.2487
52,0.15,falsified,unsafe-pgd,0.0213
52,0.16,falsified,unsafe-pgd,0.0204
52,0.17,falsified,unsafe-pgd,0.0205
52,0.18,falsified,unsafe-pgd,0.0202
52,0.19,falsified,unsafe-pgd,0.02
52,0.2,falsified,unsafe-pgd,0.0217
53,0.01,verified,safe-incomplete,0.2078
53,0.02,verified,safe-incomplete,0.2087
53,0.03,verified,safe-incomplete,0.2037
53,0.04,verified,safe-incomplete,0.2047
53,0.05,verified,safe-incomplete,0.1947
53,0.06,verified,safe-incomplete,0.2027
53,0.07,verified,safe-incomplete,0.2043
53,0.08,verified,safe-incomplete,0.2054
53,0.09,verified,safe-incomplete,0.2074
53,0.1,verified,safe-incomplete,0.265
53,0.11,verified,safe,0.4322
53,0.12,verified,safe,0.6662
53,0.13,verified,safe,0.9959
53,0.14,verified,safe,1.3308
53,0.15,verified,safe,2.363
53,0.16,verified,safe,4.4681
53,0.17,falsified,unsafe-pgd,0.0239
53,0.18,falsified,unsafe-pgd,0.0211
53,0.19,falsified,unsafe-pgd,0.0212
53,0.2,falsified,unsafe-pgd,0.0201
54,0.01,verified,safe-incomplete,0.208
54,0.02,verified,safe-incomplete,0.2076
54,0.03,verified,safe-incomplete,0.2099
54,0.04,verified,safe-incomplete,0.2091
54,0.05,verified,safe-incomplete,0.2007
54,0.06,verified,safe-incomplete,0.2031
54,0.07,verified,safe-incomplete,0.2058
54,0.08,verified,safe-incomplete,0.205
54,0.09,verified,safe-incomplete,0.2074
54,0.1,verified,safe-incomplete,0.2076
54,0.11,verified,safe-incomplete,0.2077
54,0.12,verified,safe-incomplete,0.201
54,0.13,verified,safe,0.3079
54,0.14,verified,safe,0.436
54,0.15,verified,safe,0.5536
54,0.16,verified,safe,0.8863
54,0.17,verified,safe,1.4755
54,0.18,falsified,unsafe-pgd,0.0246
54,0.19,falsified,unsafe-pgd,0.0207
54,0.2,falsified,unsafe-pgd,0.0199
55,0.01,verified,safe-incomplete,0.203
55,0.02,verified,safe-incomplete,0.2014
55,0.03,verified,safe-incomplete,0.2042
55,0.04,verified,safe-incomplete,0.2136
55,0.05,verified,safe-incomplete,0.198
55,0.06,verified,safe-incomplete,0.2102
55,0.07,verified,safe-incomplete,0.2063
55,0.08,verified,safe-incomplete,0.2078
55,0.09,verified,safe-incomplete,0.2084
55,0.1,verified,safe-incomplete,0.2065
55,0.11,verified,safe-incomplete,0.2108
55,0.12,verified,safe-incomplete,0.2052
55,0.13,verified,safe,0.3772
55,0.14,verified,safe,0.4962
55,0.15,verified,safe,0.5042
55,0.16,verified,safe,0.8499
55,0.17,verified,safe,1.2539
55,0.18,verified,safe,1.5001
55,0.19,verified,safe,2.0992
55,0.2,verified,safe,3.217
56,0.01,verified,safe-incomplete,0.2038
56,0.02,verified,safe-incomplete,0.2076
56,0.03,verified,safe-incomplete,0.2094
56,0.04,verified,safe-incomplete,0.2127
56,0.05,verified,safe-incomplete,0.1887
56,0.06,verified,safe-incomplete,0.2028
56,0.07,verified,safe-incomplete,0.203
56,0.08,verified,safe-incomplete,0.2057
56,0.09,verified,safe-incomplete,0.205
56,0.1,verified,safe-incomplete,0.2026
56,0.11,verified,safe-incomplete,0.1996
56,0.12,verified,safe-incomplete,0.1988
56,0.13,verified,safe-incomplete,0.1988
56,0.14,verified,safe-incomplete,0.1979
56,0.15,verified,safe-incomplete,0.2561
56,0.16,verified,safe-incomplete,0.2011
56,0.17,verified,safe-incomplete,0.2256
56,0.18,verified,safe,0.3561
56,0.19,verified,safe,0.6608
56,0.2,verified,safe,0.829
57,0.01,verified,safe-incomplete,0.2072
57,0.02,verified,safe-incomplete,0.2089
57,0.03,verified,safe-incomplete,0.21
57,0.04,verified,safe-incomplete,0.2034
57,0.05,verified,safe-incomplete,0.1905
57,0.06,verified,safe-incomplete,0.2002
57,0.07,verified,safe-incomplete,0.2117
57,0.08,verified,safe-incomplete,0.2061
57,0.09,verified,safe-incomplete,0.2048
57,0.1,verified,safe-incomplete,0.199
57,0.11,verified,safe-incomplete,0.1993
57,0.12,verified,safe,0.3365
57,0.13,verified,safe,0.4261
57,0.14,verified,safe,0.808
57,0.15,verified,safe,1.1653
57,0.16,verified,safe,2.0435
57,0.17,falsified,unsafe-pgd,0.0219
57,0.18,falsified,unsafe-pgd,0.02
57,0.19,falsified,unsafe-pgd,0.0198
57,0.2,falsified,unsafe-pgd,0.0216
58,0.01,verified,safe-incomplete,0.2064
58,0.02,verified,safe-incomplete,0.2034
58,0.03,verified,safe-incomplete,0.2068
58,0.04,verified,safe-incomplete,0.2045
58,0.05,verified,safe-incomplete,0.2002
58,0.06,verified,safe-incomplete,0.2096
58,0.07,verified,safe-incomplete,0.2046
58,0.08,verified,safe-incomplete,0.2022
58,0.09,verified,safe-incomplete,0.2014
58,0.1,verified,safe-incomplete,0.2064
58,0.11,verified,safe-incomplete,0.2118
58,0.12,verified,safe-incomplete,0.2048
58,0.13,verified,safe,0.3371
58,0.14,verified,safe,0.4256
58,0.15,verified,safe,0.615
58,0.16,verified,safe,0.6929
58,0.17,verified,safe,1.0756
58,0.18,verified,safe,1.4089
58,0.19,verified,safe,2.5887
58,0.2,verified,safe,6.4058
59,0.01,verified,safe-incomplete,0.2098
59,0.02,verified,safe-incomplete,0.2022
59,0.03,verified,safe-incomplete,0.208
59,0.04,verified,safe-incomplete,0.2072
59,0.05,verified,safe-incomplete,0.1951
59,0.06,verified,safe-incomplete,0.2069
59,0.07,verified,safe-incomplete,0.2028
59,0.08,verified,safe-incomplete,0.2035
59,0.09,verified,safe-incomplete,0.2029
59,0.1,verified,safe-incomplete,0.2155
59,0.11,verified,safe,0.3878
59,0.12,verified,safe,0.5791
59,0.13,verified,safe,1.1832
59,0.14,falsified,unsafe-pgd,0.0213
59,0.15,falsified,unsafe-pgd,0.0201
59,0.16,falsified,unsafe-pgd,0.0199
59,0.17,falsified,unsafe-pgd,0.0204
59,0.18,falsified,unsafe-pgd,0.0199
59,0.19,falsified,unsafe-pgd,0.02
59,0.2,falsified,unsafe-pgd,0.0202
60,0.01,verified,safe-incomplete,0.2013
60,0.02,verified,safe-incomplete,0.2009
60,0.03,verified,safe-incomplete,0.204
60,0.04,verified,safe-incomplete,0.2036
60,0.05,verified,safe-incomplete,0.1952
60,0.06,verified,safe-incomplete,0.203
60,0.07,verified,safe-incomplete,0.2061
60,0.08,verified,safe-incomplete,0.2036
60,0.09,verified,safe-incomplete,0.2104
60,0.1,verified,safe-incomplete,0.2561
60,0.11,verified,safe-incomplete,0.2008
60,0.12,verified,safe-incomplete,0.1984
60,0.13,verified,safe-incomplete,0.2015
60,0.14,verified,safe-incomplete,0.203
60,0.15,verified,safe-incomplete,0.193
60,0.16,verified,safe-incomplete,0.2016
60,0.17,verified,safe-incomplete,0.2243
60,0.18,verified,safe,0.323
60,0.19,verified,safe,0.4831
60,0.2,verified,safe,0.6129
61,0.01,verified,safe-incomplete,0.2081
61,0.02,verified,safe-incomplete,0.2065
61,0.03,verified,safe-incomplete,0.205
61,0.04,verified,safe-incomplete,0.1986
61,0.05,verified,safe-incomplete,0.1924
61,0.06,verified,safe-incomplete,0.2029
61,0.07,verified,safe-incomplete,0.2064
61,0.08,verified,safe,0.4589
61,0.09,verified,safe,0.379
61,0.1,verified,safe,0.7945
61,0.11,verified,safe,1.084
61,0.12,falsified,unsafe-pgd,0.0226
61,0.13,falsified,unsafe-pgd,0.0202
61,0.14,falsified,unsafe-pgd,0.0208
61,0.15,falsified,unsafe-pgd,0.02
61,0.16,falsified,unsafe-pgd,0.0202
61,0.17,falsified,unsafe-pgd,0.0205
61,0.18,falsified,unsafe-pgd,0.0207
61,0.19,falsified,unsafe-pgd,0.0202
61,0.2,falsified,unsafe-pgd,0.0202
62,0.01,verified,safe-incomplete,0.2098
62,0.02,verified,safe-incomplete,0.2101
62,0.03,verified,safe-incomplete,0.203
62,0.04,verified,safe-incomplete,0.2068
62,0.05,verified,safe-incomplete,0.2566
62,0.06,verified,safe-incomplete,0.2062
62,0.07,verified,safe-incomplete,0.2067
62,0.08,verified,safe,0.348
62,0.09,falsified,unsafe-pgd,0.0208
62,0.1,falsified,unsafe-pgd,0.0207
62,0.11,falsified,unsafe-pgd,0.0199
62,0.12,falsified,unsafe-pgd,0.0203
62,0.13,falsified,unsafe-pgd,0.0195
62,0.14,falsified,unsafe-pgd,0.0204
62,0.15,falsified,unsafe-pgd,0.0198
62,0.16,falsified,unsafe-pgd,0.021
62,0.17,falsified,unsafe-pgd,0.02
62,0.18,falsified,unsafe-pgd,0.02
62,0.19,falsified,unsafe-pgd,0.0198
62,0.2,falsified,unsafe-pgd,0.0199
63,0.01,verified,safe-incomplete,0.2052
63,0.02,verified,safe-incomplete,0.2053
63,0.03,verified,safe-incomplete,0.2074
63,0.04,verified,safe-incomplete,0.2073
63,0.05,verified,safe-incomplete,0.1908
63,0.06,verified,safe-incomplete,0.1995
63,0.07,verified,safe,0.3259
63,0.08,verified,safe,0.4096
63,0.09,verified,safe,0.9417
63,0.1,falsified,unsafe-pgd,0.0213
63,0.11,falsified,unsafe-pgd,0.0203
63,0.12,falsified,unsafe-pgd,0.0208
63,0.13,falsified,unsafe-pgd,0.0211
63,0.14,falsified,unsafe-pgd,0.0207
63,0.15,falsified,unsafe-pgd,0.0203
63,0.16,falsified,unsafe-pgd,0.0204
63,0.17,falsified,unsafe-pgd,0.0206
63,0.18,falsified,unsafe-pgd,0.0201
63,0.19,falsified,unsafe-pgd,0.0197
63,0.2,falsified,unsafe-pgd,0.0199
64,0.01,verified,safe-incomplete,0.2065
64,0.02,verified,safe-incomplete,0.2114
64,0.03,verified,safe-incomplete,0.2055
64,0.04,verified,safe-incomplete,0.2058
64,0.05,verified,safe-incomplete,0.1914
64,0.06,verified,safe-incomplete,0.2035
64,0.07,verified,safe-incomplete,0.1999
64,0.08,verified,safe-incomplete,0.2141
64,0.09,verified,safe-incomplete,0.269
64,0.1,verified,safe-incomplete,0.2027
64,0.11,verified,safe,0.3196
64,0.12,verified,safe,0.4148
64,0.13,verified,safe,0.647
64,0.14,timeout,unknown,2.0996
64,0.15,falsified,unsafe-pgd,0.0207
64,0.16,falsified,unsafe-pgd,0.02
64,0.17,falsified,unsafe-pgd,0.0208
64,0.18,falsified,unsafe-pgd,0.0214
64,0.19,falsified,unsafe-pgd,0.021
64,0.2,falsified,unsafe-pgd,0.0215
65,0.01,verified,safe-incomplete,0.2057
65,0.02,verified,safe-incomplete,0.1985
65,0.03,verified,safe-incomplete,0.2105
65,0.04,verified,safe-incomplete,0.2025
65,0.05,verified,safe-incomplete,0.1958
65,0.06,verified,safe,0.3285
65,0.07,timeout,unknown,0.6244
65,0.08,falsified,unsafe-pgd,0.0216
65,0.09,falsified,unsafe-pgd,0.0208
65,0.1,falsified,unsafe-pgd,0.0201
65,0.11,falsified,unsafe-pgd,0.02
65,0.12,falsified,unsafe-pgd,0.0203
65,0.13,falsified,unsafe-pgd,0.0199
65,0.14,falsified,unsafe-pgd,0.0195
65,0.15,falsified,unsafe-pgd,0.0197
65,0.16,falsified,unsafe-pgd,0.0193
65,0.17,falsified,unsafe-pgd,0.0195
65,0.18,falsified,unsafe-pgd,0.0198
65,0.19,falsified,unsafe-pgd,0.02
65,0.2,falsified,unsafe-pgd,0.0205
66,0.01,verified,safe-incomplete,0.2058
66,0.02,verified,safe-incomplete,0.2056
66,0.03,verified,safe-incomplete,0.198
66,0.04,verified,safe,0.3307
66,0.05,verified,safe,0.5749
66,0.06,falsified,unsafe-pgd,0.0217
66,0.07,falsified,unsafe-pgd,0.0217
66,0.08,falsified,unsafe-pgd,0.0203
66,0.09,falsified,unsafe-pgd,0.0205
66,0.1,falsified,unsafe-pgd,0.0212
66,0.11,falsified,unsafe-pgd,0.0207
66,0.12,falsified,unsafe-pgd,0.0222
66,0.13,falsified,unsafe-pgd,0.0219
66,0.14,falsified,unsafe-pgd,0.0208
66,0.15,falsified,unsafe-pgd,0.021
66,0.16,falsified,unsafe-pgd,0.0204
66,0.17,falsified,unsafe-pgd,0.021
66,0.18,falsified,unsafe-pgd,0.02
66,0.19,falsified,unsafe-pgd,0.0205
66,0.2,falsified,unsafe-pgd,0.02
67,0.01,verified,safe-incomplete,0.2044
67,0.02,verified,safe-incomplete,0.21
67,0.03,verified,safe-incomplete,0.2075
67,0.04,verified,safe-incomplete,0.2777
67,0.05,verified,safe-incomplete,0.2024
67,0.06,verified,safe-incomplete,0.2114
67,0.07,verified,safe-incomplete,0.2092
67,0.08,verified,safe-incomplete,0.207
67,0.09,verified,safe-incomplete,0.1961
67,0.1,verified,safe-incomplete,0.1952
67,0.11,verified,safe-incomplete,0.2008
67,0.12,verified,safe-incomplete,0.203
67,0.13,verified,safe,0.3702
67,0.14,verified,safe,0.5556
67,0.15,verified,safe,0.9083
67,0.16,verified,safe,1.4389
67,0.17,verified,safe,2.6211
67,0.18,falsified,unsafe-pgd,0.0209
67,0.19,falsified,unsafe-pgd,0.0206
67,0.2,falsified,unsafe-pgd,0.0201
68,0.01,verified,safe-incomplete,0.2093
68,0.02,verified,safe-incomplete,0.2055
68,0.03,verified,safe-incomplete,0.2099
68,0.04,verified,safe-incomplete,0.2052
68,0.05,verified,safe-incomplete,0.1954
68,0.06,verified,safe-incomplete,0.2118
68,0.07,verified,safe-incomplete,0.2068
68,0.08,verified,safe-incomplete,0.2102
68,0.09,verified,safe-incomplete,0.2047
68,0.1,verified,safe-incomplete,0.2051
68,0.11,verified,safe-incomplete,0.2091
68,0.12,verified,safe-incomplete,0.2069
68,0.13,verified,safe-incomplete,0.2043
68,0.14,verified,safe-incomplete,0.2047
68,0.15,verified,safe-incomplete,0.2656
68,0.16,verified,safe-incomplete,0.208
68,0.17,verified,safe-incomplete,0.2031
68,0.18,verified,safe,0.4183
68,0.19,verified,safe,0.6259
68,0.2,verified,safe,0.9739
69,0.01,verified,safe-incomplete,0.2107
69,0.02,verified,safe-incomplete,0.2058
69,0.03,verified,safe-incomplete,0.2095
69,0.04,verified,safe-incomplete,0.2045
69,0.05,verified,safe-incomplete,0.1973
69,0.06,verified,safe-incomplete,0.2086
69,0.07,verified,safe-incomplete,0.2097
69,0.08,verified,safe-incomplete,0.2086
69,0.09,verified,safe-incomplete,0.2098
69,0.1,verified,safe-incomplete,0.2058
69,0.11,verified,safe-incomplete,0.2034
69,0.12,verified,safe-incomplete,0.2071
69,0.13,verified,safe-incomplete,0.2039
69,0.14,verified,safe-incomplete,0.2071
69,0.15,verified,safe-incomplete,0.2116
69,0.16,verified,safe-incomplete,0.2052
69,0.17,verified,safe-incomplete,0.2067
69,0.18,verified,safe-incomplete,0.2087
69,0.19,verified,safe-incomplete,0.2569
69,0.2,verified,safe-incomplete,0.2007
70,0.01,verified,safe-incomplete,0.2053
70,0.02,verified,safe-incomplete,0.2047
70,0.03,verified,safe-incomplete,0.2009
70,0.04,verified,safe-incomplete,0.2086
70,0.05,verified,safe-incomplete,0.193
70,0.06,verified,safe-incomplete,0.2163
70,0.07,verified,safe-incomplete,0.2094
70,0.08,verified,safe-incomplete,0.206
70,0.09,verified,safe-incomplete,0.2046
70,0.1,verified,safe-incomplete,0.2072
70,0.11,verified,safe-incomplete,0.216
70,0.12,verified,safe-incomplete,0.2042
70,0.13,verified,safe-incomplete,0.2062
70,0.14,verified,safe-incomplete,0.2032
70,0.15,verified,safe-incomplete,0.2041
70,0.16,verified,safe-incomplete,0.2075
70,0.17,verified,safe-incomplete,0.2619
70,0.18,verified,safe-incomplete,0.2058
70,0.19,verified,safe,0.4523
70,0.2,verified,safe,0.609
71,0.01,verified,safe-incomplete,0.2019
71,0.02,verified,safe-incomplete,0.2079
71,0.03,verified,safe-incomplete,0.1992
71,0.04,verified,safe-incomplete,0.202
71,0.05,verified,safe-incomplete,0.1975
71,0.06,verified,safe-incomplete,0.2039
71,0.07,verified,safe-incomplete,0.2026
71,0.08,verified,safe-incomplete,0.1996
71,0.09,verified,safe-incomplete,0.2023
71,0.1,verified,safe-incomplete,0.2011
71,0.11,verified,safe-incomplete,0.2064
71,0.12,verified,safe-incomplete,0.2004
71,0.13,verified,safe-incomplete,0.2061
71,0.14,verified,safe-incomplete,0.2035
71,0.15,verified,safe-incomplete,0.2065
71,0.16,verified,safe-incomplete,0.2105
71,0.17,verified,safe-incomplete,0.1994
71,0.18,verified,safe-incomplete,0.2623
71,0.19,verified,safe-incomplete,0.203
71,0.2,verified,safe-incomplete,0.2051
72,0.01,verified,safe-incomplete,0.2076
72,0.02,verified,safe-incomplete,0.209
72,0.03,verified,safe-incomplete,0.2097
72,0.04,verified,safe-incomplete,0.2055
72,0.05,verified,safe-incomplete,0.2013
72,0.06,verified,safe-incomplete,0.2092
72,0.07,verified,safe-incomplete,0.2044
72,0.08,verified,safe-incomplete,0.2023
72,0.09,verified,safe-incomplete,0.2053
72,0.1,verified,safe-incomplete,0.209
72,0.11,verified,safe-incomplete,0.2063
72,0.12,verified,safe-incomplete,0.2056
72,0.13,verified,safe-incomplete,0.2091
72,0.14,verified,safe-incomplete,0.2029
72,0.15,verified,safe-incomplete,0.2081
72,0.16,verified,safe-incomplete,0.2073
72,0.17,verified,safe-incomplete,0.2038
72,0.18,verified,safe,0.4963
72,0.19,verified,safe,0.419
72,0.2,verified,safe,0.7219
73,0.01,verified,safe-incomplete,0.2046
73,0.02,verified,safe-incomplete,0.2024
73,0.03,verified,safe-incomplete,0.2087
73,0.04,verified,safe-incomplete,0.2123
73,0.05,verified,safe-incomplete,0.2055
73,0.06,verified,safe-incomplete,0.2046
73,0.07,verified,safe-incomplete,0.2083
73,0.08,verified,safe-incomplete,0.2092
73,0.09,verified,safe-incomplete,0.2082
73,0.1,verified,safe-incomplete,0.2071
73,0.11,verified,safe-incomplete,0.2077
73,0.12,verified,safe-incomplete,0.2041
73,0.13,verified,safe,0.3818
73,0.14,verified,safe,0.5897
73,0.15,falsified,unsafe-pgd,0.0232
73,0.16,falsified,unsafe-pgd,0.0205
73,0.17,falsified,unsafe-pgd,0.0197
73,0.18,falsified,unsafe-pgd,0.0212
73,0.19,falsified,unsafe-pgd,0.0225
73,0.2,falsified,unsafe-pgd,0.0221
74,0.01,verified,safe-incomplete,0.2092
74,0.02,verified,safe-incomplete,0.2034
74,0.03,verified,safe-incomplete,0.2083
74,0.04,verified,safe-incomplete,0.2073
74,0.05,verified,safe-incomplete,0.1977
74,0.06,verified,safe-incomplete,0.2093
74,0.07,verified,safe-incomplete,0.2104
74,0.08,verified,safe-incomplete,0.2028
74,0.09,verified,safe-incomplete,0.2062
74,0.1,verified,safe-incomplete,0.2074
74,0.11,verified,safe-incomplete,0.2015
74,0.12,verified,safe-incomplete,0.2054
74,0.13,verified,safe-incomplete,0.2732
74,0.14,verified,safe,0.4663
74,0.15,verified,safe,0.7478
74,0.16,verified,safe,0.963
74,0.17,verified,safe,1.4676
74,0.18,verified,safe,2.2186
74,0.19,verified,safe,5.1452
74,0.2,falsified,unsafe-pgd,0.0231
75,0.01,verified,safe-incomplete,0.209
75,0.02,verified,safe-incomplete,0.2083
75,0.03,verified,safe-incomplete,0.2141
75,0.04,verified,safe-incomplete,0.2017
75,0.05,verified,safe-incomplete,0.1978
75,0.06,verified,safe-incomplete,0.2141
75,0.07,verified,safe-incomplete,0.2083
75,0.08,verified,safe-incomplete,0.2027
75,0.09,verified,safe-incomplete,0.203
75,0.1,verified,safe-incomplete,0.2068
75,0.11,verified,safe-incomplete,0.2081
75,0.12,verified,safe-incomplete,0.2019
75,0.13,verified,safe-incomplete,0.2057
75,0.14,verified,safe-incomplete,0.2039
75,0.15,verified,safe,0.3411
75,0.16,verified,safe,0.3883
75,0.17,verified,safe,0.6681
75,0.18,verified,safe,1.0068
75,0.19,verified,safe,1.2925
75,0.2,verified,safe,1.5869
76,0.01,verified,safe-incomplete,0.1978
76,0.02,verified,safe-incomplete,0.2091
76,0.03,verified,safe-incomplete,0.209
76,0.04,verified,safe-incomplete,0.2081
76,0.05,verified,safe-incomplete,0.2005
76,0.06,verified,safe-incomplete,0.207
76,0.07,verified,safe-incomplete,0.2065
76,0.08,verified,safe-incomplete,0.203
76,0.09,verified,safe-incomplete,0.2077
76,0.1,verified,safe-incomplete,0.2058
76,0.11,verified,safe-incomplete,0.2002
76,0.12,verified,safe-incomplete,0.2029
76,0.13,verified,safe,0.4732
76,0.14,verified,safe,0.6847
76,0.15,verified,safe,1.1543
76,0.16,verified,safe,1.6306
76,0.17,verified,safe,2.321
76,0.18,verified,safe,4.5586
76,0.19,falsified,unsafe-pgd,0.0233
76,0.2,falsified,unsafe-pgd,0.0201
77,0.01,verified,safe-incomplete,0.2024
77,0.02,verified,safe-incomplete,0.2016
77,0.03,verified,safe-incomplete,0.2141
77,0.04,verified,safe-incomplete,0.2077
77,0.05,verified,safe-incomplete,0.2
77,0.06,verified,safe-incomplete,0.2087
77,0.07,verified,safe-incomplete,0.2043
77,0.08,verified,safe-incomplete,0.2043
77,0.09,verified,safe-incomplete,0.2063
77,0.1,verified,safe-incomplete,0.1921
77,0.11,verified,safe-incomplete,0.2013
77,0.12,verified,safe,0.4544
77,0.13,verified,safe,0.6102
77,0.14,verified,safe,0.8774
77,0.15,verified,safe,1.2461
77,0.16,verified,safe,1.8912
77,0.17,verified,safe,3.5773
77,0.18,verified,safe,8.0823
77,0.19,falsified,unsafe-pgd,0.0227
77,0.2,falsified,unsafe-pgd,0.0207
78,0.01,verified,safe-incomplete,0.2056
78,0.02,verified,safe-incomplete,0.2076
78,0.03,verified,safe-incomplete,0.2056
78,0.04,verified,safe-incomplete,0.2092
78,0.05,verified,safe-incomplete,0.1977
78,0.06,verified,safe-incomplete,0.2061
78,0.07,verified,safe-incomplete,0.2047
78,0.08,verified,safe-incomplete,0.2009
78,0.09,verified,safe-incomplete,0.2082
78,0.1,verified,safe,0.3453
78,0.11,verified,safe,0.5382
78,0.12,verified,safe,0.8454
78,0.13,verified,safe,1.4393
78,0.14,falsified,unsafe-pgd,0.0214
78,0.15,falsified,unsafe-pgd,0.0209
78,0.16,falsified,unsafe-pgd,0.0204
78,0.17,falsified,unsafe-pgd,0.0204
78,0.18,falsified,unsafe-pgd,0.02
78,0.19,falsified,unsafe-pgd,0.0204
78,0.2,falsified,unsafe-pgd,0.0199
79,0.01,verified,safe-incomplete,0.2042
79,0.02,verified,safe-incomplete,0.2007
79,0.03,verified,safe-incomplete,0.2032
79,0.04,verified,safe-incomplete,0.1995
79,0.05,verified,safe-incomplete,0.1943
79,0.06,verified,safe-incomplete,0.1955
79,0.07,verified,safe-incomplete,0.1903
79,0.08,verified,safe-incomplete,0.1909
79,0.09,verified,safe-incomplete,0.2003
79,0.1,verified,safe-incomplete,0.2503
79,0.11,verified,safe-incomplete,0.1974
79,0.12,verified,safe-incomplete,0.1984
79,0.13,verified,safe-incomplete,0.1881
79,0.14,verified,safe-incomplete,0.1881
79,0.15,verified,safe-incomplete,0.1875
79,0.16,verified,safe,0.3198
79,0.17,verified,safe,0.428
79,0.18,verified,safe,0.62
79,0.19,verified,safe,0.7925
79,0.2,falsified,unsafe-pgd,0.0234
80,0.01,verified,safe-incomplete,0.2039
80,0.02,verified,safe-incomplete,0.2075
80,0.03,verified,safe-incomplete,0.2028
80,0.04,verified,safe-incomplete,0.2034
80,0.05,verified,safe-incomplete,0.1974
80,0.06,verified,safe-incomplete,0.2008
80,0.07,verified,safe-incomplete,0.2082
80,0.08,falsified,unsafe-pgd,0.0259
80,0.09,falsified,unsafe-pgd,0.0201
80,0.1,falsified,unsafe-pgd,0.0199
80,0.11,falsified,unsafe-pgd,0.0203
80,0.12,falsified,unsafe-pgd,0.0197
80,0.13,falsified,unsafe-pgd,0.0198
80,0.14,falsified,unsafe-pgd,0.0198
80,0.15,falsified,unsafe-pgd,0.0208
80,0.16,falsified,unsafe-pgd,0.0781
80,0.17,falsified,unsafe-pgd,0.0205
80,0.18,falsified,unsafe-pgd,0.0202
80,0.19,falsified,unsafe-pgd,0.0203
80,0.2,falsified,unsafe-pgd,0.0202
81,0.01,verified,safe-incomplete,0.203
81,0.02,verified,safe-incomplete,0.2017
81,0.03,verified,safe-incomplete,0.1989
81,0.04,verified,safe-incomplete,0.2027
81,0.05,verified,safe-incomplete,0.1916
81,0.06,verified,safe-incomplete,0.2072
81,0.07,verified,safe-incomplete,0.2011
81,0.08,verified,safe-incomplete,0.1981
81,0.09,verified,safe-incomplete,0.1922
81,0.1,verified,safe-incomplete,0.195
81,0.11,verified,safe-incomplete,0.1924
81,0.12,verified,safe,0.4503
81,0.13,verified,safe,0.6361
81,0.14,verified,safe,1.1404
81,0.15,falsified,unsafe-pgd,0.0231
81,0.16,falsified,unsafe-pgd,0.0202
81,0.17,falsified,unsafe-pgd,0.0205
81,0.18,falsified,unsafe-pgd,0.0198
81,0.19,falsified,unsafe-pgd,0.02
81,0.2,falsified,unsafe-pgd,0.0207
82,0.01,verified,safe-incomplete,0.1919
82,0.02,verified,safe-incomplete,0.2046
82,0.03,verified,safe-incomplete,0.1953
82,0.04,verified,safe-incomplete,0.212
82,0.05,verified,safe-incomplete,0.1933
82,0.06,verified,safe-incomplete,0.2005
82,0.07,verified,safe-incomplete,0.2085
82,0.08,verified,safe-incomplete,0.2114
82,0.09,verified,safe-incomplete,0.2062
82,0.1,verified,safe-incomplete,0.1997
82,0.11,verified,safe-incomplete,0.206
82,0.12,verified,safe-incomplete,0.2618
82,0.13,verified,safe-incomplete,0.198
82,0.14,verified,safe-incomplete,0.2059
82,0.15,verified,safe-incomplete,0.2053
82,0.16,verified,safe-incomplete,0.2056
82,0.17,verified,safe-incomplete,0.2041
82,0.18,verified,safe-incomplete,0.1949
82,0.19,verified,safe-incomplete,0.1931
82,0.2,verified,safe-incomplete,0.1889
83,0.01,verified,safe-incomplete,0.2026
83,0.02,verified,safe-incomplete,0.2027
83,0.03,verified,safe-incomplete,0.1879
83,0.04,verified,safe-incomplete,0.1886
83,0.05,verified,safe-incomplete,0.1925
83,0.06,verified,safe-incomplete,0.1927
83,0.07,verified,safe-incomplete,0.1952
83,0.08,verified,safe-incomplete,0.198
83,0.09,verified,safe-incomplete,0.2046
83,0.1,verified,safe-incomplete,0.2651
83,0.11,verified,safe-incomplete,0.2109
83,0.12,verified,safe-incomplete,0.21
83,0.13,verified,safe-incomplete,0.1947
83,0.14,verified,safe-incomplete,0.201
83,0.15,verified,safe-incomplete,0.2063
83,0.16,verified,safe,0.4379
83,0.17,verified,safe,0.4984
83,0.18,verified,safe,0.7333
83,0.19,verified,safe,1.391
83,0.2,verified,safe,2.1318
84,0.01,verified,safe-incomplete,0.2054
84,0.02,verified,safe-incomplete,0.2042
84,0.03,verified,safe-incomplete,0.2
84,0.04,verified,safe-incomplete,0.2025
84,0.05,verified,safe-incomplete,0.1943
84,0.06,verified,safe-incomplete,0.2012
84,0.07,verified,safe-incomplete,0.2049
84,0.08,verified,safe-incomplete,0.204
84,0.09,verified,safe-incomplete,0.2091
84,0.1,verified,safe-incomplete,0.2079
84,0.11,verified,safe-incomplete,0.2087
84,0.12,verified,safe-incomplete,0.2039
84,0.13,verified,safe-incomplete,0.2049
84,0.14,verified,safe,0.5005
84,0.15,verified,safe,0.5508
84,0.16,verified,safe,0.828
84,0.17,verified,safe,1.0946
84,0.18,verified,safe,1.4157
84,0.19,verified,safe,2.6405
84,0.2,verified,safe,6.1853
85,0.01,verified,safe-incomplete,0.2018
85,0.02,verified,safe-incomplete,0.1949
85,0.03,verified,safe-incomplete,0.201
85,0.04,verified,safe-incomplete,0.206
85,0.05,verified,safe-incomplete,0.1932
85,0.06,verified,safe-incomplete,0.2027
85,0.07,verified,safe-incomplete,0.2042
85,0.08,verified,safe-incomplete,0.1992
85,0.09,verified,safe-incomplete,0.2025
85,0.1,verified,safe-incomplete,0.2006
85,0.11,verified,safe-incomplete,0.2032
85,0.12,verified,safe-incomplete,0.2019
85,0.13,verified,safe-incomplete,0.2089
85,0.14,verified,safe-incomplete,0.204
85,0.15,verified,safe-incomplete,0.1999
85,0.16,verified,safe-incomplete,0.1999
85,0.17,verified,safe,0.3691
85,0.18,verified,safe,0.5484
85,0.19,verified,safe,1.0297
85,0.2,verified,safe,1.6148
86,0.01,verified,safe-incomplete,0.2103
86,0.02,verified,safe-incomplete,0.2079
86,0.03,verified,safe-incomplete,0.2093
86,0.04,verified,safe-incomplete,0.2018
86,0.05,verified,safe-incomplete,0.2003
86,0.06,verified,safe-incomplete,0.2049
86,0.07,verified,safe-incomplete,0.1974
86,0.08,verified,safe-incomplete,0.2005
86,0.09,verified,safe-incomplete,0.1995
86,0.1,verified,safe-incomplete,0.2037
86,0.11,verified,safe-incomplete,0.2001
86,0.12,verified,safe-incomplete,0.1984
86,0.13,verified,safe-incomplete,0.2002
86,0.14,verified,safe-incomplete,0.2039
86,0.15,verified,safe-incomplete,0.2041
86,0.16,verified,safe,0.3375
86,0.17,verified,safe,0.4307
86,0.18,verified,safe,0.6573
86,0.19,verified,safe,1.2425
86,0.2,verified,safe,1.954
87,0.01,verified,safe-incomplete,0.2105
87,0.02,verified,safe-incomplete,0.2158
87,0.03,verified,safe-incomplete,0.2046
87,0.04,verified,safe-incomplete,0.2017
87,0.05,verified,safe-incomplete,0.2017
87,0.06,verified,safe-incomplete,0.2073
87,0.07,verified,safe-incomplete,0.2015
87,0.08,verified,safe-incomplete,0.2022
87,0.09,verified,safe-incomplete,0.205
87,0.1,verified,safe,0.3311
87,0.11,verified,safe,0.5294
87,0.12,falsified,unsafe-pgd,0.0209
87,0.13,falsified,unsafe-pgd,0.0203
87,0.14,falsified,unsafe-pgd,0.0203
87,0.15,falsified,unsafe-pgd,0.0205
87,0.16,falsified,unsafe-pgd,0.02
87,0.17,falsified,unsafe-pgd,0.0218
87,0.18,falsified,unsafe-pgd,0.0201
87,0.19,falsified,unsafe-pgd,0.0199
87,0.2,falsified,unsafe-pgd,0.0207
88,0.01,verified,safe-incomplete,0.2081
88,0.02,verified,safe-incomplete,0.2036
88,0.03,verified,safe-incomplete,0.2039
88,0.04,verified,safe-incomplete,0.2052
88,0.05,verified,safe-incomplete,0.1927
88,0.06,verified,safe-incomplete,0.2063
88,0.07,verified,safe-incomplete,0.2055
88,0.08,verified,safe-incomplete,0.2054
88,0.09,verified,safe-incomplete,0.204
88,0.1,verified,safe-incomplete,0.2583
88,0.11,verified,safe-incomplete,0.2074
88,0.12,verified,safe-incomplete,0.2067
88,0.13,verified,safe-incomplete,0.2089
88,0.14,verified,safe-incomplete,0.2054
88,0.15,verified,safe-incomplete,0.2052
88,0.16,verified,safe-incomplete,0.2086
88,0.17,verified,safe-incomplete,0.2024
88,0.18,verified,safe-incomplete,0.2045
88,0.19,verified,safe-incomplete,0.1993
88,0.2,verified,safe,0.4648
89,0.01,verified,safe-incomplete,0.2064
89,0.02,verified,safe-incomplete,0.203
89,0.03,verified,safe-incomplete,0.201
89,0.04,verified,safe-incomplete,0.2002
89,0.05,verified,safe-incomplete,0.1915
89,0.06,verified,safe-incomplete,0.2029
89,0.07,verified,safe-incomplete,0.2035
89,0.08,verified,safe-incomplete,0.2036
89,0.09,verified,safe-incomplete,0.2007
89,0.1,verified,safe-incomplete,0.2014
89,0.11,verified,safe-incomplete,0.2022
89,0.12,verified,safe-incomplete,0.2034
89,0.13,verified,safe-incomplete,0.2092
89,0.14,verified,safe-incomplete,0.1988
89,0.15,verified,safe,0.3476
89,0.16,verified,safe,0.552
89,0.17,verified,safe,0.8223
89,0.18,verified,safe,1.3658
89,0.19,verified,safe,1.8963
89,0.2,verified,safe,2.804
90,0.01,verified,safe-incomplete,0.2055
90,0.02,verified,safe-incomplete,0.2062
90,0.03,verified,safe-incomplete,0.209
90,0.04,verified,safe-incomplete,0.2065
90,0.05,verified,safe-incomplete,0.1971
90,0.06,verified,safe-incomplete,0.2029
90,0.07,verified,safe-incomplete,0.2018
90,0.08,verified,safe-incomplete,0.2033
90,0.09,verified,safe-incomplete,0.2087
90,0.1,verified,safe-incomplete,0.2107
90,0.11,verified,safe-incomplete,0.2085
90,0.12,verified,safe-incomplete,0.2069
90,0.13,verified,safe-incomplete,0.2115
90,0.14,verified,safe,0.3377
90,0.15,verified,safe,0.4226
90,0.16,verified,safe,0.6097
90,0.17,verified,safe,0.8528
90,0.18,verified,safe,1.0762
90,0.19,verified,safe,1.4997
90,0.2,verified,safe,2.0938
91,0.01,verified,safe-incomplete,0.2055
91,0.02,verified,safe-incomplete,0.2079
91,0.03,verified,safe-incomplete,0.2092
91,0.04,verified,safe-incomplete,0.2095
91,0.05,verified,safe-incomplete,0.1971
91,0.06,verified,safe-incomplete,0.2019
91,0.07,verified,safe-incomplete,0.205
91,0.08,verified,safe-incomplete,0.2082
91,0.09,verified,safe-incomplete,0.2086
91,0.1,verified,safe-incomplete,0.2057
91,0.11,verified,safe-incomplete,0.2094
91,0.12,verified,safe-incomplete,0.2043
91,0.13,verified,safe-incomplete,0.2035
91,0.14,verified,safe-incomplete,0.209
91,0.15,verified,safe-incomplete,0.2085
91,0.16,verified,safe,0.4751
91,0.17,verified,safe,0.3547
91,0.18,verified,safe,0.7008
91,0.19,verified,safe,0.9008
91,0.2,verified,safe,1.1237
92,0.01,verified,safe-incomplete,0.2031
92,0.02,verified,safe-incomplete,0.2054
92,0.03,verified,safe-incomplete,0.2054
92,0.04,falsified,unsafe-pgd,0.0207
92,0.05,falsified,unsafe-pgd,0.0116
92,0.06,falsified,unsafe-pgd,0.0207
92,0.07,falsified,unsafe-pgd,0.0204
92,0.08,falsified,unsafe-pgd,0.0209
92,0.09,falsified,unsafe-pgd,0.0213
92,0.1,falsified,unsafe-pgd,0.0238
92,0.11,falsified,unsafe-pgd,0.0219
92,0.12,falsified,unsafe-pgd,0.0198
92,0.13,falsified,unsafe-pgd,0.0206
92,0.14,falsified,unsafe-pgd,0.0207
92,0.15,falsified,unsafe-pgd,0.0199
92,0.16,falsified,unsafe-pgd,0.02
92,0.17,falsified,unsafe-pgd,0.0203
92,0.18,falsified,unsafe-pgd,0.0196
92,0.19,falsified,unsafe-pgd,0.0202
92,0.2,falsified,unsafe-pgd,0.0831
93,0.01,verified,safe-incomplete,0.2105
93,0.02,verified,safe-incomplete,0.2113
93,0.03,verified,safe-incomplete,0.2094
93,0.04,verified,safe-incomplete,0.1992
93,0.05,verified,safe-incomplete,0.2002
93,0.06,verified,safe-incomplete,0.2152
93,0.07,verified,safe-incomplete,0.1995
93,0.08,verified,safe-incomplete,0.2069
93,0.09,verified,safe-incomplete,0.2075
93,0.1,verified,safe-incomplete,0.206
93,0.11,verified,safe,0.3518
93,0.12,verified,safe,0.7527
93,0.13,falsified,unsafe-pgd,0.023
93,0.14,falsified,unsafe-pgd,0.0208
93,0.15,falsified,unsafe-pgd,0.0212
93,0.16,falsified,unsafe-pgd,0.0212
93,0.17,falsified,unsafe-pgd,0.0212
93,0.18,falsified,unsafe-pgd,0.0209
93,0.19,falsified,unsafe-pgd,0.0205
93,0.2,falsified,unsafe-pgd,0.0205
94,0.01,verified,safe-incomplete,0.205
94,0.02,verified,safe-incomplete,0.2053
94,0.03,verified,safe-incomplete,0.2026
94,0.04,verified,safe-incomplete,0.2062
94,0.05,verified,safe-incomplete,0.198
94,0.06,verified,safe-incomplete,0.2059
94,0.07,verified,safe-incomplete,0.2638
94,0.08,verified,safe-incomplete,0.2092
94,0.09,verified,safe-incomplete,0.2067
94,0.1,verified,safe-incomplete,0.2031
94,0.11,verified,safe-incomplete,0.2099
94,0.12,verified,safe,0.3432
94,0.13,verified,safe,0.521
94,0.14,verified,safe,0.9076
94,0.15,verified,safe,1.1946
94,0.16,falsified,unsafe-pgd,0.0218
94,0.17,falsified,unsafe-pgd,0.0265
94,0.18,falsified,unsafe-pgd,0.0204
94,0.19,falsified,unsafe-pgd,0.021
94,0.2,falsified,unsafe-pgd,0.0206
95,0.01,verified,safe-incomplete,0.2041
95,0.02,verified,safe-incomplete,0.2118
95,0.03,verified,safe-incomplete,0.2142
95,0.04,verified,safe-incomplete,0.2046
95,0.05,verified,safe-incomplete,0.1971
95,0.06,verified,safe-incomplete,0.209
95,0.07,verified,safe-incomplete,0.2045
95,0.08,verified,safe-incomplete,0.2014
95,0.09,verified,safe,0.3133
95,0.1,verified,safe,0.3836
95,0.11,falsified,unsafe-pgd,0.0208
95,0.12,falsified,unsafe-pgd,0.0201
95,0.13,falsified,unsafe-pgd,0.0203
95,0.14,falsified,unsafe-pgd,0.0203
95,0.15,falsified,unsafe-pgd,0.0212
95,0.16,falsified,unsafe-pgd,0.0205
95,0.17,falsified,unsafe-pgd,0.02
95,0.18,falsified,unsafe-pgd,0.0209
95,0.19,falsified,unsafe-pgd,0.0206
95,0.2,falsified,unsafe-pgd,0.0212
96,0.01,verified,safe-incomplete,0.2059
96,0.02,verified,safe-incomplete,0.2044
96,0.03,verified,safe-incomplete,0.206
96,0.04,falsified,unsafe-pgd,0.0211
96,0.05,falsified,unsafe-pgd,0.0121
96,0.06,falsified,unsafe-pgd,0.0202
96,0.07,falsified,unsafe-pgd,0.0218
96,0.08,falsified,unsafe-pgd,0.0212
96,0.09,falsified,unsafe-pgd,0.0207
96,0.1,falsified,unsafe-pgd,0.0211
96,0.11,falsified,unsafe-pgd,0.0215
96,0.12,falsified,unsafe-pgd,0.0205
96,0.13,falsified,unsafe-pgd,0.0207
96,0.14,falsified,unsafe-pgd,0.0216
96,0.15,falsified,unsafe-pgd,0.0211
96,0.16,falsified,unsafe-pgd,0.0204
96,0.17,falsified,unsafe-pgd,0.021
96,0.18,falsified,unsafe-pgd,0.0204
96,0.19,falsified,unsafe-pgd,0.0219
96,0.2,falsified,unsafe-pgd,0.0209
97,0.01,verified,safe-incomplete,0.2077
97,0.02,verified,safe-incomplete,0.2085
97,0.03,verified,safe-incomplete,0.2084
97,0.04,verified,safe-incomplete,0.203
97,0.05,verified,safe-incomplete,0.1981
97,0.06,verified,safe-incomplete,0.268
97,0.07,verified,safe-incomplete,0.2063
97,0.08,verified,safe-incomplete,0.2054
97,0.09,verified,safe-incomplete,0.2046
97,0.1,verified,safe-incomplete,0.2079
97,0.11,verified,safe-incomplete,0.2016
97,0.12,verified,safe-incomplete,0.2049
97,0.13,verified,safe-incomplete,0.202
97,0.14,verified,safe-incomplete,0.1999
97,0.15,verified,safe-incomplete,0.2003
97,0.16,verified,safe-incomplete,0.1984
97,0.17,verified,safe,0.3345
97,0.18,verified,safe,0.4447
97,0.19,verified,safe,0.5847
97,0.2,verified,safe,0.9423
98,0.01,verified,safe-incomplete,0.2076
98,0.02,verified,safe-incomplete,0.2033
98,0.03,verified,safe-incomplete,0.2087
98,0.04,verified,safe-incomplete,0.2082
98,0.05,verified,safe-incomplete,0.1943
98,0.06,verified,safe-incomplete,0.2052
98,0.07,verified,safe-incomplete,0.2014
98,0.08,verified,safe-incomplete,0.2129
98,0.09,verified,safe-incomplete,0.2077
98,0.1,verified,safe-incomplete,0.2027
98,0.11,verified,safe-incomplete,0.2003
98,0.12,verified,safe-incomplete,0.2069
98,0.13,verified,safe-incomplete,0.2237
98,0.14,verified,safe,0.3821
98,0.15,verified,safe,0.8897
98,0.16,verified,safe,1.338
98,0.17,verified,safe,1.9464
98,0.18,falsified,unsafe-pgd,0.0226
98,0.19,falsified,unsafe-pgd,0.0209
98,0.2,falsified,unsafe-pgd,0.0204
99,0.01,verified,safe-incomplete,0.2062
99,0.02,verified,safe-incomplete,0.2014
99,0.03,verified,safe-incomplete,0.2061
99,0.04,verified,safe-incomplete,0.1991
99,0.05,verified,safe-incomplete,0.1893
99,0.06,verified,safe-incomplete,0.2044
99,0.07,verified,safe-incomplete,0.2004
99,0.08,verified,safe-incomplete,0.2023
99,0.09,verified,safe-incomplete,0.201
99,0.1,verified,safe-incomplete,0.1995
99,0.11,verified,safe-incomplete,0.2109
99,0.12,verified,safe-incomplete,0.202
99,0.13,verified,safe-incomplete,0.2062
99,0.14,verified,safe-incomplete,0.2086
99,0.15,verified,safe-incomplete,0.2088
99,0.16,verified,safe,0.3353
99,0.17,verified,safe,0.385
99,0.18,verified,safe,0.4483
99,0.19,verified,safe,0.6177
99,0.2,verified,safe,0.7833
